student_id,study_hours_per_day,extracurricular_hours_per_day,sleep_hours_per_day,social_hours_per_day,physical_activity_hours_per_day,gpa,stress_level,stress_level_numeric,gpa_group
1,6.9,3.8,8.7,2.8,1.8,2.99,Moderate,2,2.5-3
2,5.3,3.5,8.0,4.2,3.0,2.75,Low,1,2.5-3
3,5.1,3.9,9.2,1.2,4.6,2.67,Low,1,2.5-3
4,6.5,2.1,7.2,1.7,6.5,2.88,Moderate,2,2.5-3
5,8.1,0.6,6.5,2.2,6.6,3.51,High,3,3.5-4
6,6.0,2.1,8.0,0.3,7.6,2.85,Moderate,2,2.5-3
7,8.0,0.7,5.3,5.7,4.3,3.08,High,3,3-3.5
8,8.4,1.8,5.6,3.0,5.2,3.2,High,3,3-3.5
9,5.2,3.6,6.3,4.0,4.9,2.82,Low,1,2.5-3
10,7.7,0.7,9.8,4.5,1.3,2.76,Moderate,2,2.5-3
11,9.7,3.6,8.0,2.5,0.2,3.43,High,3,3-3.5
12,6.9,1.1,9.1,2.1,4.8,2.97,Moderate,2,2.5-3
13,6.4,2.2,5.7,4.8,4.9,2.82,High,3,2.5-3
14,5.0,3.3,8.5,4.4,2.8,2.87,Low,1,2.5-3
15,8.9,0.3,6.8,0.7,7.3,3.4,High,3,3-3.5
16,6.7,0.3,6.6,2.0,8.4,3.2,Moderate,2,3-3.5
17,8.6,2.6,9.4,1.6,1.8,3.36,High,3,3-3.5
18,8.8,2.2,8.9,2.0,2.1,3.19,High,3,3-3.5
19,7.6,1.7,5.1,0.6,9.0,3.16,High,3,3-3.5
20,6.6,2.0,9.5,1.5,4.4,2.93,Moderate,2,2.5-3
21,7.1,3.0,6.1,0.5,7.3,2.9,Moderate,2,2.5-3
22,9.6,3.2,8.2,2.6,0.4,3.34,High,3,3-3.5
23,9.0,0.7,9.5,2.6,2.2,3.21,High,3,3-3.5
24,6.1,1.7,9.1,5.2,1.9,2.85,Moderate,2,2.5-3
25,5.0,2.0,7.1,1.3,8.6,2.68,Low,1,2.5-3
26,9.7,1.3,7.6,3.8,1.6,3.29,High,3,3-3.5
27,6.8,3.9,9.8,0.9,2.6,2.64,Moderate,2,2.5-3
28,6.4,0.1,8.0,3.0,6.5,2.95,Moderate,2,2.5-3
29,5.3,1.1,9.5,1.4,6.7,2.79,Low,1,2.5-3
30,9.9,1.0,8.4,3.6,1.1,3.25,High,3,3-3.5
31,6.2,2.9,6.8,3.8,4.3,3.05,Moderate,2,3-3.5
32,5.5,3.3,6.6,1.1,7.5,3.26,Low,1,3-3.5
33,5.2,2.4,8.4,0.1,7.9,2.47,Low,1,2-2.5
34,8.2,0.7,8.5,2.3,4.3,3.24,High,3,3-3.5
35,9.7,0.6,6.7,0.7,6.3,3.62,High,3,3.5-4
36,9.1,2.2,7.6,1.2,3.9,3.12,High,3,3-3.5
37,5.5,3.6,9.5,3.4,2.0,2.58,Low,1,2.5-3
38,8.6,3.6,9.4,1.9,0.5,3.03,High,3,3-3.5
39,8.2,0.3,5.8,5.4,4.3,3.29,High,3,3-3.5
40,5.0,0.6,7.7,4.2,6.5,2.61,Low,1,2.5-3
41,8.3,0.9,8.6,1.4,4.8,3.48,High,3,3-3.5
42,8.2,3.4,8.3,2.3,1.8,3.07,High,3,3-3.5
43,5.5,1.5,6.3,1.5,9.2,2.81,Low,1,2.5-3
44,9.5,2.5,9.0,1.5,1.5,3.49,High,3,3-3.5
45,7.9,2.0,6.0,4.3,3.8,2.97,Moderate,2,2.5-3
46,9.7,3.8,9.6,0.3,0.6,3.55,High,3,3.5-4
47,5.1,3.7,7.1,5.8,2.3,2.6,Low,1,2.5-3
48,9.3,1.3,5.8,3.3,4.3,3.09,High,3,3-3.5
49,9.7,2.8,7.9,0.3,3.3,3.47,High,3,3-3.5
50,9.4,3.0,8.5,2.2,0.9,3.18,High,3,3-3.5
51,6.8,1.2,9.0,4.9,2.1,3.12,Moderate,2,3-3.5
52,9.0,2.6,8.5,3.1,0.8,4.0,High,3,3.5-4
53,9.5,1.4,6.9,0.6,5.6,3.33,High,3,3-3.5
54,7.3,2.2,6.4,3.5,4.6,3.11,Moderate,2,3-3.5
55,5.2,0.1,9.1,2.2,7.4,2.79,Low,1,2.5-3
56,8.8,0.9,8.1,0.5,5.7,3.1,High,3,3-3.5
57,5.3,2.1,7.7,3.8,5.1,2.39,Low,1,2-2.5
58,9.0,1.1,7.2,0.5,6.2,3.39,High,3,3-3.5
59,5.1,3.9,9.2,4.0,1.8,2.52,Low,1,2.5-3
60,5.8,1.0,7.7,4.3,5.2,2.8,Low,1,2.5-3
61,8.3,1.1,9.8,3.5,1.3,3.67,High,3,3.5-4
62,7.1,1.0,6.8,4.5,4.6,3.27,Moderate,2,3-3.5
63,5.1,0.5,5.2,0.2,13.0,2.85,High,3,2.5-3
64,7.4,0.4,7.5,2.8,5.9,3.26,Moderate,2,3-3.5
65,5.9,1.7,7.0,3.7,5.7,2.8,Low,1,2.5-3
66,6.9,2.5,7.5,5.1,2.0,3.06,Moderate,2,3-3.5
67,8.3,0.7,5.4,3.9,5.7,3.26,High,3,3-3.5
68,9.7,2.3,6.9,3.3,1.8,3.38,High,3,3-3.5
69,7.3,2.2,9.7,1.9,2.9,3.15,Moderate,2,3-3.5
70,5.4,1.3,9.2,0.1,8.0,2.69,Low,1,2.5-3
71,9.1,1.1,5.6,4.2,4.0,3.54,High,3,3.5-4
72,8.7,3.2,6.4,1.0,4.7,3.37,High,3,3-3.5
73,8.8,3.2,10.0,0.8,1.2,3.58,High,3,3.5-4
74,6.7,3.7,9.3,1.8,2.5,2.89,Moderate,2,2.5-3
75,8.8,3.0,5.5,5.4,1.3,3.58,High,3,3.5-4
76,6.6,3.6,6.9,0.1,6.8,2.99,Moderate,2,2.5-3
77,9.5,0.4,6.6,5.7,1.8,3.44,High,3,3-3.5
78,8.2,1.8,6.5,2.0,5.5,3.35,High,3,3-3.5
79,8.4,3.0,9.0,2.8,0.8,3.26,High,3,3-3.5
80,5.3,2.2,7.2,5.3,4.0,2.62,Low,1,2.5-3
81,6.8,0.5,5.7,4.6,6.4,2.86,High,3,2.5-3
82,5.4,2.8,5.4,4.9,5.5,2.86,High,3,2.5-3
83,8.5,0.3,5.4,5.9,3.9,2.99,High,3,2.5-3
84,9.1,3.8,9.9,0.9,0.3,3.08,High,3,3-3.5
85,6.9,0.3,8.9,3.4,4.5,3.21,Moderate,2,3-3.5
86,5.6,2.0,5.1,2.8,8.5,2.81,High,3,2.5-3
87,5.3,0.5,5.6,3.9,8.7,2.9,High,3,2.5-3
88,9.8,1.5,6.4,5.2,1.1,3.78,High,3,3.5-4
89,6.1,3.9,5.1,5.8,3.1,2.96,High,3,2.5-3
90,5.4,2.2,9.8,3.1,3.5,2.81,Low,1,2.5-3
91,8.1,2.8,7.3,3.6,2.2,3.39,High,3,3-3.5
92,5.2,1.1,9.8,5.3,2.6,2.82,Low,1,2.5-3
93,7.3,2.5,6.4,1.1,6.7,2.67,Moderate,2,2.5-3
94,7.9,0.3,9.9,5.8,0.1,3.08,Moderate,2,3-3.5
95,8.5,2.1,6.5,4.9,2.0,3.1,High,3,3-3.5
96,9.6,3.3,9.7,1.0,0.4,3.54,High,3,3.5-4
97,8.1,1.7,9.7,3.9,0.6,3.45,High,3,3-3.5
98,9.9,0.6,8.0,2.1,3.4,3.39,High,3,3-3.5
99,9.8,3.4,9.2,0.7,0.9,3.15,High,3,3-3.5
100,5.3,3.5,9.1,6.0,0.1,2.68,Low,1,2.5-3
101,10.0,2.2,8.8,2.8,0.2,3.41,High,3,3-3.5
102,7.3,0.5,9.8,3.6,2.8,3.22,Moderate,2,3-3.5
103,6.1,2.7,8.1,2.1,5.0,2.98,Moderate,2,2.5-3
104,7.6,3.1,7.6,4.9,0.8,2.99,Moderate,2,2.5-3
105,7.8,2.2,9.4,1.9,2.7,3.3,Moderate,2,3-3.5
106,8.5,0.9,5.7,0.1,8.8,3.55,High,3,3.5-4
107,6.8,2.4,7.0,2.6,5.2,2.97,Moderate,2,2.5-3
108,7.6,3.1,7.0,3.7,2.6,3.28,Moderate,2,3-3.5
109,9.3,3.8,5.7,4.8,0.4,3.05,High,3,3-3.5
110,7.3,3.9,7.5,1.7,3.6,3.08,Moderate,2,3-3.5
111,8.2,1.0,5.4,0.8,8.6,3.3,High,3,3-3.5
112,5.9,1.4,9.5,2.8,4.4,2.7,Low,1,2.5-3
113,8.3,0.7,6.0,0.2,8.8,3.14,High,3,3-3.5
114,5.9,0.4,5.6,2.8,9.3,2.73,High,3,2.5-3
115,6.0,1.5,7.5,4.1,4.9,2.76,Moderate,2,2.5-3
116,9.4,3.7,5.3,1.6,4.0,3.45,High,3,3-3.5
117,9.0,3.0,5.9,1.3,4.8,3.29,High,3,3-3.5
118,8.1,1.5,7.3,4.5,2.6,2.75,High,3,2.5-3
119,5.2,1.0,8.6,5.4,3.8,3.4,Low,1,3-3.5
120,5.5,1.8,7.7,1.5,7.5,3.05,Low,1,3-3.5
121,6.3,1.5,5.1,1.9,9.2,2.82,High,3,2.5-3
122,5.6,3.6,8.0,4.1,2.7,2.62,Low,1,2.5-3
123,8.9,2.0,5.4,3.2,4.5,3.64,High,3,3.5-4
124,7.2,0.5,6.4,2.2,7.7,3.19,Moderate,2,3-3.5
125,8.2,2.3,6.8,5.9,0.8,2.95,High,3,2.5-3
126,5.5,0.6,6.2,1.0,10.7,2.94,Low,1,2.5-3
127,5.9,1.1,5.9,5.4,5.7,2.89,High,3,2.5-3
128,7.1,3.9,5.6,2.4,5.0,2.9,High,3,2.5-3
129,9.8,3.5,9.1,0.4,1.2,3.57,High,3,3.5-4
130,9.6,2.2,7.9,1.2,3.1,3.24,High,3,3-3.5
131,8.8,0.7,6.6,2.6,5.3,2.99,High,3,2.5-3
132,5.6,2.4,6.4,3.5,6.1,2.85,Low,1,2.5-3
133,5.8,1.9,7.7,0.3,8.3,2.7,Low,1,2.5-3
134,5.3,4.0,6.6,4.9,3.2,2.72,Low,1,2.5-3
135,6.3,2.7,8.8,3.6,2.6,2.45,Moderate,2,2-2.5
136,6.7,3.7,9.2,4.2,0.2,2.85,Moderate,2,2.5-3
137,5.6,2.9,9.7,1.1,4.7,2.86,Low,1,2.5-3
138,7.9,3.4,5.7,4.8,2.2,3.15,High,3,3-3.5
139,6.0,0.7,5.8,4.9,6.6,2.96,High,3,2.5-3
140,6.8,3.5,7.0,4.9,1.8,3.44,Moderate,2,3-3.5
141,7.2,1.5,7.3,1.8,6.2,3.08,Moderate,2,3-3.5
142,6.2,3.6,6.9,3.3,4.0,3.27,Moderate,2,3-3.5
143,9.5,2.5,5.6,5.6,0.8,3.13,High,3,3-3.5
144,5.7,3.2,8.1,3.2,3.8,3.08,Low,1,3-3.5
145,9.5,3.2,5.8,1.7,3.8,3.59,High,3,3.5-4
146,5.2,2.3,8.8,5.3,2.4,2.61,Low,1,2.5-3
147,6.7,3.3,5.6,5.1,3.3,2.95,High,3,2.5-3
148,9.0,0.6,6.1,4.3,4.0,3.15,High,3,3-3.5
149,8.6,2.6,8.5,2.3,2.0,3.14,High,3,3-3.5
150,5.9,3.6,7.9,2.4,4.2,2.64,Low,1,2.5-3
151,7.3,3.8,5.8,3.5,3.6,3.58,High,3,3.5-4
152,5.1,3.5,9.7,3.2,2.5,2.79,Low,1,2.5-3
153,8.5,3.7,8.5,0.5,2.8,3.65,High,3,3.5-4
154,7.1,2.9,9.7,4.0,0.3,3.33,Moderate,2,3-3.5
155,7.3,0.5,9.9,5.0,1.3,3.11,Moderate,2,3-3.5
156,8.0,1.6,5.3,2.0,7.1,3.42,High,3,3-3.5
157,9.0,0.0,6.7,2.4,5.9,3.51,High,3,3.5-4
158,6.7,1.4,8.7,2.7,4.5,3.02,Moderate,2,3-3.5
159,6.1,1.8,5.7,1.1,9.3,2.38,High,3,2-2.5
160,9.6,1.4,7.9,3.2,1.9,3.43,High,3,3-3.5
161,5.1,2.7,5.9,5.8,4.5,2.71,High,3,2.5-3
162,5.4,4.0,7.5,3.6,3.5,2.59,Low,1,2.5-3
163,5.3,3.0,6.0,5.4,4.3,2.68,Low,1,2.5-3
164,5.2,1.9,7.8,0.4,8.7,2.67,Low,1,2.5-3
165,8.9,1.8,7.6,2.5,3.2,3.58,High,3,3.5-4
166,5.8,0.7,9.3,5.7,2.5,2.46,Low,1,2-2.5
167,6.9,1.1,8.2,2.5,5.3,3.22,Moderate,2,3-3.5
168,5.1,0.9,6.2,4.0,7.8,3.02,Low,1,3-3.5
169,5.1,0.4,9.0,1.1,8.4,2.52,Low,1,2.5-3
170,5.5,1.0,8.6,5.1,3.8,2.97,Low,1,2.5-3
171,9.2,1.6,8.3,1.0,3.9,3.5,High,3,3-3.5
172,5.1,0.3,6.0,0.2,12.4,2.7,Low,1,2.5-3
173,5.9,2.3,7.1,5.4,3.3,2.78,Low,1,2.5-3
174,6.3,1.5,8.0,1.6,6.6,3.15,Moderate,2,3-3.5
175,8.1,1.6,7.8,2.6,3.9,3.26,High,3,3-3.5
176,8.8,0.6,9.3,2.6,2.7,3.3,High,3,3-3.5
177,9.5,3.2,7.1,0.1,4.1,3.49,High,3,3-3.5
178,8.2,1.0,5.7,5.0,4.1,2.89,High,3,2.5-3
179,9.9,2.1,5.9,1.6,4.5,3.52,High,3,3.5-4
180,6.4,2.2,8.3,5.0,2.1,2.76,Moderate,2,2.5-3
181,6.0,0.0,5.7,5.4,6.9,2.95,High,3,2.5-3
182,8.0,2.7,5.9,5.5,1.9,3.4,High,3,3-3.5
183,7.1,1.5,7.6,0.3,7.5,3.17,Moderate,2,3-3.5
184,5.4,2.4,6.2,2.3,7.7,2.66,Low,1,2.5-3
185,6.4,1.4,8.6,1.8,5.8,2.77,Moderate,2,2.5-3
186,8.3,3.7,8.7,0.7,2.6,3.77,High,3,3.5-4
187,5.2,1.0,8.0,0.3,9.5,3.29,Low,1,3-3.5
188,6.7,3.1,5.5,0.5,8.2,2.99,High,3,2.5-3
189,8.6,2.0,8.4,2.2,2.8,3.43,High,3,3-3.5
190,9.0,2.8,6.4,3.4,2.4,3.24,High,3,3-3.5
191,6.8,0.4,9.6,0.8,6.4,3.01,Moderate,2,3-3.5
192,5.9,2.2,9.4,4.4,2.1,3.01,Low,1,3-3.5
193,9.0,2.6,8.5,3.3,0.6,3.34,High,3,3-3.5
194,6.1,4.0,9.7,0.2,4.0,2.58,Moderate,2,2.5-3
195,8.5,3.7,5.9,3.4,2.5,3.06,High,3,3-3.5
196,9.6,3.9,9.7,0.4,0.4,3.65,High,3,3.5-4
197,9.3,3.4,6.6,3.9,0.8,3.41,High,3,3-3.5
198,6.2,0.5,5.4,4.2,7.7,2.84,High,3,2.5-3
199,6.7,2.9,5.3,1.9,7.2,3.29,High,3,3-3.5
200,6.6,2.5,9.4,3.4,2.1,3.03,Moderate,2,3-3.5
201,6.2,0.1,9.4,0.1,8.2,2.95,Moderate,2,2.5-3
202,9.7,3.2,10.0,0.4,0.7,3.67,High,3,3.5-4
203,8.8,1.6,7.4,3.8,2.4,3.23,High,3,3-3.5
204,7.1,3.0,6.2,0.7,7.0,3.36,Moderate,2,3-3.5
205,6.8,1.1,6.5,1.4,8.2,3.01,Moderate,2,3-3.5
206,6.9,2.7,6.1,5.7,2.6,3.08,Moderate,2,3-3.5
207,8.9,0.4,7.1,5.3,2.3,3.33,High,3,3-3.5
208,8.1,0.7,10.0,1.2,4.0,3.35,High,3,3-3.5
209,9.7,2.6,8.0,1.9,1.8,3.33,High,3,3-3.5
210,6.1,0.7,8.9,2.1,6.2,2.81,Moderate,2,2.5-3
211,5.3,3.9,9.4,5.0,0.4,3.08,Low,1,3-3.5
212,8.5,0.6,9.1,1.3,4.5,3.16,High,3,3-3.5
213,6.1,2.1,8.0,3.5,4.3,2.79,Moderate,2,2.5-3
214,9.4,3.8,9.3,1.2,0.3,3.33,High,3,3-3.5
215,8.3,2.2,5.4,2.5,5.6,2.97,High,3,2.5-3
216,8.6,2.0,5.4,1.3,6.7,3.14,High,3,3-3.5
217,8.4,0.3,9.3,3.0,3.0,3.77,High,3,3.5-4
218,9.1,1.4,8.4,2.9,2.2,3.26,High,3,3-3.5
219,6.3,3.5,9.0,3.4,1.8,3.11,Moderate,2,3-3.5
220,8.5,2.7,8.1,3.5,1.2,3.38,High,3,3-3.5
221,5.8,3.5,9.4,0.2,5.1,2.84,Low,1,2.5-3
222,6.7,3.0,5.8,4.9,3.6,3.03,High,3,3-3.5
223,9.2,2.0,5.0,1.7,6.1,3.42,High,3,3-3.5
224,8.2,1.0,8.2,3.2,3.4,3.24,High,3,3-3.5
225,8.9,0.4,8.8,3.2,2.7,3.32,High,3,3-3.5
226,8.2,3.7,5.5,5.6,1.0,3.29,High,3,3-3.5
227,8.4,0.3,6.5,4.2,4.6,3.29,High,3,3-3.5
228,6.7,2.5,5.2,5.2,4.4,2.86,High,3,2.5-3
229,9.9,3.9,8.7,0.2,1.3,3.8,High,3,3.5-4
230,8.4,1.8,6.4,6.0,1.4,3.25,High,3,3-3.5
231,7.1,1.8,5.8,4.8,4.5,2.86,High,3,2.5-3
232,5.4,2.7,8.3,1.6,6.0,2.95,Low,1,2.5-3
233,9.8,0.6,7.2,5.7,0.7,3.84,High,3,3.5-4
234,7.0,1.1,9.9,2.5,3.5,2.84,Moderate,2,2.5-3
235,9.5,0.9,6.1,0.2,7.3,3.17,High,3,3-3.5
236,9.3,1.9,9.8,0.6,2.4,3.68,High,3,3.5-4
237,9.3,3.1,8.9,2.3,0.4,3.52,High,3,3.5-4
238,5.7,0.1,9.6,3.7,4.9,3.12,Low,1,3-3.5
239,9.0,1.9,5.6,0.8,6.7,3.21,High,3,3-3.5
240,6.0,2.0,5.3,3.5,7.2,3.26,High,3,3-3.5
241,6.3,3.2,6.6,2.7,5.2,2.85,Moderate,2,2.5-3
242,8.0,1.2,8.5,5.2,1.1,2.72,Moderate,2,2.5-3
243,8.9,0.2,7.4,0.6,6.9,3.33,High,3,3-3.5
244,8.1,2.8,7.8,0.1,5.2,2.98,High,3,2.5-3
245,6.6,2.1,5.4,2.1,7.8,2.79,High,3,2.5-3
246,7.8,2.8,9.0,0.9,3.5,3.11,Moderate,2,3-3.5
247,5.8,0.4,8.2,4.2,5.4,2.88,Low,1,2.5-3
248,8.5,3.5,8.6,2.7,0.7,3.15,High,3,3-3.5
249,6.7,3.3,5.4,5.4,3.2,3.27,High,3,3-3.5
250,7.3,2.6,7.6,4.4,2.1,3.13,Moderate,2,3-3.5
251,5.4,0.2,6.2,1.0,11.2,2.75,Low,1,2.5-3
252,9.9,1.3,5.9,4.7,2.2,3.57,High,3,3.5-4
253,8.3,2.0,7.8,4.2,1.7,3.25,High,3,3-3.5
254,6.0,2.7,5.4,0.2,9.7,2.92,High,3,2.5-3
255,6.3,1.9,9.3,4.4,2.1,2.85,Moderate,2,2.5-3
256,6.7,1.5,9.9,0.2,5.7,3.32,Moderate,2,3-3.5
257,9.3,2.3,7.2,3.8,1.4,3.61,High,3,3.5-4
258,9.5,1.7,6.4,3.6,2.8,3.42,High,3,3-3.5
259,9.6,0.8,8.1,3.5,2.0,3.31,High,3,3-3.5
260,8.6,3.6,5.9,1.4,4.5,3.37,High,3,3-3.5
261,9.9,0.7,9.3,2.0,2.1,3.59,High,3,3.5-4
262,7.2,2.1,6.8,3.6,4.3,3.01,Moderate,2,3-3.5
263,5.8,1.6,9.8,1.5,5.3,2.61,Low,1,2.5-3
264,8.9,0.5,9.8,2.2,2.6,3.57,High,3,3.5-4
265,6.2,0.3,5.8,3.1,8.6,3.13,High,3,3-3.5
266,7.2,1.0,8.1,4.2,3.5,2.98,Moderate,2,2.5-3
267,5.8,0.7,5.2,4.4,7.9,2.81,High,3,2.5-3
268,9.2,3.2,7.9,3.2,0.5,3.8,High,3,3.5-4
269,6.0,0.4,6.3,0.3,11.0,3.05,Moderate,2,3-3.5
270,5.2,0.5,7.3,5.6,5.4,2.79,Low,1,2.5-3
271,6.6,2.0,5.2,0.9,9.3,3.17,High,3,3-3.5
272,7.3,2.1,7.4,4.0,3.2,3.16,Moderate,2,3-3.5
273,5.7,0.1,6.5,4.2,7.5,2.98,Low,1,2.5-3
274,9.8,0.4,8.4,2.4,3.0,3.26,High,3,3-3.5
275,9.3,0.7,8.5,4.6,0.9,3.43,High,3,3-3.5
276,7.5,2.5,9.3,2.7,2.0,3.2,Moderate,2,3-3.5
277,5.2,3.7,8.4,4.1,2.6,2.91,Low,1,2.5-3
278,7.0,2.6,5.5,3.9,5.0,2.82,High,3,2.5-3
279,10.0,0.2,9.9,1.6,2.3,3.56,High,3,3.5-4
280,7.8,3.0,9.4,1.5,2.3,3.25,Moderate,2,3-3.5
281,6.6,2.7,9.0,4.3,1.4,2.93,Moderate,2,2.5-3
282,9.1,0.5,7.7,0.0,6.7,3.64,High,3,3.5-4
283,6.6,1.5,7.0,4.2,4.7,2.79,Moderate,2,2.5-3
284,6.2,1.5,6.1,0.4,9.8,2.5,Moderate,2,2-2.5
285,8.0,2.7,8.1,2.4,2.8,3.4,Moderate,2,3-3.5
286,7.6,1.9,5.1,2.0,7.4,3.08,High,3,3-3.5
287,6.9,1.6,7.9,3.2,4.4,3.31,Moderate,2,3-3.5
288,9.1,2.9,9.8,0.0,2.2,3.48,High,3,3-3.5
289,6.0,0.0,8.2,5.4,4.4,2.92,Moderate,2,2.5-3
290,5.3,3.7,6.8,0.6,7.6,2.78,Low,1,2.5-3
291,7.4,1.0,6.4,1.8,7.4,3.15,Moderate,2,3-3.5
292,6.6,2.4,8.6,1.6,4.8,3.27,Moderate,2,3-3.5
293,7.1,0.5,5.9,4.1,6.4,3.09,High,3,3-3.5
294,8.5,0.4,7.8,1.5,5.8,3.01,High,3,3-3.5
295,9.8,1.9,9.0,1.8,1.5,3.5,High,3,3-3.5
296,9.8,2.4,9.1,2.4,0.3,3.38,High,3,3-3.5
297,6.1,0.8,8.1,2.5,6.5,2.67,Moderate,2,2.5-3
298,8.9,1.1,9.1,2.1,2.8,3.2,High,3,3-3.5
299,8.3,0.4,8.1,2.7,4.5,3.01,High,3,3-3.5
300,8.7,3.5,6.1,0.5,5.2,3.37,High,3,3-3.5
301,5.1,2.6,8.0,3.3,5.0,2.65,Low,1,2.5-3
302,8.0,2.0,9.9,0.6,3.5,2.93,Moderate,2,2.5-3
303,8.5,1.6,7.1,4.3,2.5,3.39,High,3,3-3.5
304,6.4,0.3,5.4,5.4,6.5,3.29,High,3,3-3.5
305,6.0,1.3,6.1,2.1,8.5,2.91,Moderate,2,2.5-3
306,5.3,3.2,6.2,3.2,6.1,2.64,Low,1,2.5-3
307,9.4,2.6,7.7,1.4,2.9,3.66,High,3,3.5-4
308,10.0,2.6,7.8,2.6,1.0,3.26,High,3,3-3.5
309,7.3,0.2,7.8,5.7,3.0,3.2,Moderate,2,3-3.5
310,6.0,2.1,5.5,2.7,7.7,2.72,High,3,2.5-3
311,8.8,1.4,8.3,4.4,1.1,3.1,High,3,3-3.5
312,10.0,3.7,7.7,2.2,0.4,3.44,High,3,3-3.5
313,7.6,2.5,5.4,4.5,4.0,3.17,High,3,3-3.5
314,8.9,2.8,5.2,1.8,5.3,3.3,High,3,3-3.5
315,6.3,1.4,5.4,5.6,5.3,2.58,High,3,2.5-3
316,7.0,1.8,8.0,3.1,4.1,3.15,Moderate,2,3-3.5
317,9.6,2.0,10.0,2.0,0.4,3.46,High,3,3-3.5
318,6.9,3.5,9.3,3.5,0.8,3.02,Moderate,2,3-3.5
319,9.0,1.2,5.4,2.4,6.0,3.46,High,3,3-3.5
320,6.7,3.9,8.2,4.3,0.9,2.83,Moderate,2,2.5-3
321,5.7,3.4,9.6,2.6,2.7,3.13,Low,1,3-3.5
322,5.9,2.0,7.0,0.9,8.2,3.0,Low,1,2.5-3
323,6.8,0.3,5.1,0.8,11.0,3.03,High,3,3-3.5
324,9.8,1.7,6.6,3.0,2.9,3.58,High,3,3.5-4
325,7.2,0.4,8.2,1.3,6.9,3.39,Moderate,2,3-3.5
326,5.8,0.2,8.9,2.8,6.3,3.11,Low,1,3-3.5
327,5.3,4.0,5.3,4.2,5.2,2.67,High,3,2.5-3
328,8.5,0.2,7.5,6.0,1.8,3.21,High,3,3-3.5
329,9.1,2.5,6.5,3.7,2.2,2.85,High,3,2.5-3
330,5.7,3.5,7.2,1.2,6.4,3.04,Low,1,3-3.5
331,6.8,1.7,9.1,4.4,2.0,2.9,Moderate,2,2.5-3
332,5.1,1.0,8.8,0.8,8.3,2.25,Low,1,2-2.5
333,7.7,0.9,5.1,1.4,8.9,3.15,High,3,3-3.5
334,5.5,2.2,7.3,5.1,3.9,2.94,Low,1,2.5-3
335,5.5,2.0,5.8,1.9,8.8,2.79,High,3,2.5-3
336,6.9,1.6,7.3,4.7,3.5,3.38,Moderate,2,3-3.5
337,9.5,3.8,8.9,0.6,1.2,3.3,High,3,3-3.5
338,6.3,3.4,5.2,5.4,3.7,3.31,High,3,3-3.5
339,7.3,2.5,8.3,5.3,0.6,3.36,Moderate,2,3-3.5
340,5.3,2.1,5.8,4.4,6.4,3.11,High,3,3-3.5
341,7.6,2.7,5.2,0.5,8.0,3.07,High,3,3-3.5
342,5.4,0.0,9.8,4.4,4.4,2.85,Low,1,2.5-3
343,6.8,1.2,6.7,4.6,4.7,2.81,Moderate,2,2.5-3
344,5.9,0.4,8.3,4.6,4.8,2.99,Low,1,2.5-3
345,6.3,0.1,5.4,5.8,6.4,3.14,High,3,3-3.5
346,8.1,1.5,6.0,0.7,7.7,3.06,High,3,3-3.5
347,8.1,3.1,8.2,2.4,2.2,3.09,High,3,3-3.5
348,9.9,2.4,7.9,2.8,1.0,3.67,High,3,3.5-4
349,9.1,2.6,5.6,2.0,4.7,3.16,High,3,3-3.5
350,7.2,2.5,9.7,1.1,3.5,2.69,Moderate,2,2.5-3
351,5.6,0.8,9.4,3.9,4.3,3.01,Low,1,3-3.5
352,9.3,3.4,9.6,0.4,1.3,3.28,High,3,3-3.5
353,8.8,1.8,9.2,3.1,1.1,3.45,High,3,3-3.5
354,5.9,2.2,9.9,5.6,0.4,3.12,Low,1,3-3.5
355,5.2,0.7,5.7,4.4,8.0,2.67,High,3,2.5-3
356,7.5,3.4,8.7,2.4,2.0,3.24,Moderate,2,3-3.5
357,8.0,2.0,6.5,3.4,4.1,3.35,Moderate,2,3-3.5
358,8.2,3.0,5.8,2.8,4.2,3.31,High,3,3-3.5
359,5.0,1.0,8.6,6.0,3.4,2.71,Low,1,2.5-3
360,9.0,0.8,7.8,4.4,2.0,3.18,High,3,3-3.5
361,8.1,0.8,6.8,4.7,3.6,3.19,High,3,3-3.5
362,8.8,0.1,8.7,1.2,5.2,3.32,High,3,3-3.5
363,9.8,1.5,6.6,0.9,5.2,3.61,High,3,3.5-4
364,10.0,1.5,7.2,3.8,1.5,3.43,High,3,3-3.5
365,9.4,2.4,7.0,2.1,3.1,3.1,High,3,3-3.5
366,9.0,0.4,7.9,2.9,3.8,3.6,High,3,3.5-4
367,8.2,0.3,7.9,3.4,4.2,3.64,High,3,3.5-4
368,8.4,3.2,6.3,5.0,1.1,3.5,High,3,3-3.5
369,7.5,0.3,5.3,2.0,8.9,3.26,High,3,3-3.5
370,8.9,2.1,7.2,0.9,4.9,3.53,High,3,3.5-4
371,6.6,1.7,5.4,1.3,9.0,3.29,High,3,3-3.5
372,10.0,3.7,8.2,0.9,1.2,3.63,High,3,3.5-4
373,8.2,3.1,5.6,2.5,4.6,3.16,High,3,3-3.5
374,7.9,2.4,5.9,2.2,5.6,3.4,High,3,3-3.5
375,6.7,0.1,5.1,5.0,7.1,3.03,High,3,3-3.5
376,6.5,3.8,6.3,2.6,4.8,2.62,Moderate,2,2.5-3
377,9.4,3.4,5.9,4.3,1.0,3.18,High,3,3-3.5
378,5.7,0.3,8.6,3.0,6.4,2.28,Low,1,2-2.5
379,7.2,2.9,8.8,0.8,4.3,2.88,Moderate,2,2.5-3
380,8.8,2.6,9.8,0.2,2.6,3.38,High,3,3-3.5
381,5.3,1.1,6.3,1.5,9.8,2.75,Low,1,2.5-3
382,6.4,3.0,7.2,4.7,2.7,3.03,Moderate,2,3-3.5
383,5.3,2.0,5.2,0.4,11.1,2.31,High,3,2-2.5
384,6.7,3.6,5.1,4.0,4.6,3.18,High,3,3-3.5
385,9.8,2.2,9.7,0.1,2.2,3.16,High,3,3-3.5
386,8.7,3.9,6.3,3.3,1.8,3.2,High,3,3-3.5
387,6.0,2.3,7.3,5.8,2.6,2.58,Moderate,2,2.5-3
388,5.6,0.6,6.1,1.5,10.2,3.07,Low,1,3-3.5
389,9.3,2.2,7.6,0.6,4.3,3.48,High,3,3-3.5
390,5.3,2.8,7.7,0.5,7.7,2.93,Low,1,2.5-3
391,7.3,1.9,5.8,5.7,3.3,3.18,High,3,3-3.5
392,7.3,1.6,8.3,3.3,3.5,3.28,Moderate,2,3-3.5
393,5.3,2.1,9.0,2.8,4.8,2.67,Low,1,2.5-3
394,5.8,1.3,8.8,3.1,5.0,2.71,Low,1,2.5-3
395,6.0,3.5,9.4,4.4,0.7,2.84,Moderate,2,2.5-3
396,9.9,3.1,5.1,0.4,5.5,3.17,High,3,3-3.5
397,7.3,3.6,7.7,2.7,2.7,3.15,Moderate,2,3-3.5
398,9.1,1.5,8.9,4.3,0.2,3.21,High,3,3-3.5
399,6.0,2.1,6.4,4.8,4.7,3.27,Moderate,2,3-3.5
400,9.0,1.6,9.6,2.0,1.8,3.57,High,3,3.5-4
401,5.8,2.8,9.0,1.9,4.5,2.8,Low,1,2.5-3
402,5.9,3.6,8.3,0.9,5.3,2.8,Low,1,2.5-3
403,7.2,2.5,5.4,5.3,3.6,3.08,High,3,3-3.5
404,9.8,1.7,9.9,1.7,0.9,3.75,High,3,3.5-4
405,8.2,0.7,9.4,2.4,3.3,3.47,High,3,3-3.5
406,8.6,3.6,5.4,4.4,2.0,3.81,High,3,3.5-4
407,5.9,3.4,9.1,3.0,2.6,2.68,Low,1,2.5-3
408,7.4,3.3,7.3,2.1,3.9,3.34,Moderate,2,3-3.5
409,7.5,3.3,6.7,1.0,5.5,3.29,Moderate,2,3-3.5
410,5.5,1.0,5.7,2.1,9.7,2.93,High,3,2.5-3
411,7.3,3.0,8.3,3.4,2.0,3.29,Moderate,2,3-3.5
412,7.4,3.9,8.2,0.6,3.9,3.02,Moderate,2,3-3.5
413,8.4,1.3,8.4,0.4,5.5,3.32,High,3,3-3.5
414,6.1,3.3,6.4,3.9,4.3,2.86,Moderate,2,2.5-3
415,8.5,2.1,6.5,1.3,5.6,3.38,High,3,3-3.5
416,9.4,3.1,8.9,1.7,0.9,3.45,High,3,3-3.5
417,6.3,3.6,8.4,3.2,2.5,2.92,Moderate,2,2.5-3
418,7.3,3.5,7.7,2.1,3.4,2.9,Moderate,2,2.5-3
419,9.9,0.4,7.1,0.3,6.3,3.55,High,3,3.5-4
420,6.4,3.4,6.5,5.5,2.2,3.0,Moderate,2,2.5-3
421,8.8,3.2,5.1,5.8,1.1,3.13,High,3,3-3.5
422,9.1,1.1,9.4,0.5,3.9,3.58,High,3,3.5-4
423,8.5,2.2,5.5,1.5,6.3,3.27,High,3,3-3.5
424,6.5,2.4,6.5,1.8,6.8,2.91,Moderate,2,2.5-3
425,8.7,0.2,9.5,4.8,0.8,3.5,High,3,3-3.5
426,9.5,0.7,5.4,1.4,7.0,3.77,High,3,3.5-4
427,9.0,0.1,7.9,6.0,1.0,3.36,High,3,3-3.5
428,5.3,3.3,8.0,0.7,6.7,3.03,Low,1,3-3.5
429,5.5,3.6,8.3,5.0,1.6,2.86,Low,1,2.5-3
430,7.6,1.7,6.6,2.6,5.5,3.34,Moderate,2,3-3.5
431,8.9,2.4,9.5,1.4,1.8,3.66,High,3,3.5-4
432,8.0,2.8,6.2,3.1,3.9,3.46,Moderate,2,3-3.5
433,5.5,1.5,7.4,3.9,5.7,2.85,Low,1,2.5-3
434,8.7,2.0,8.2,0.4,4.7,3.42,High,3,3-3.5
435,6.3,1.4,7.4,0.3,8.6,2.86,Moderate,2,2.5-3
436,9.9,1.3,7.4,1.1,4.3,3.35,High,3,3-3.5
437,8.1,1.1,6.0,3.1,5.7,3.15,High,3,3-3.5
438,9.0,2.3,7.6,1.5,3.6,3.2,High,3,3-3.5
439,9.7,1.6,5.4,3.7,3.6,3.39,High,3,3-3.5
440,7.5,3.5,7.5,3.9,1.6,2.97,Moderate,2,2.5-3
441,10.0,0.5,6.4,2.4,4.7,3.14,High,3,3-3.5
442,9.5,2.9,8.0,1.1,2.5,3.11,High,3,3-3.5
443,9.1,3.8,9.1,0.0,2.0,3.27,High,3,3-3.5
444,6.3,0.2,8.0,4.1,5.4,2.97,Moderate,2,2.5-3
445,5.6,1.5,7.3,2.2,7.4,2.8,Low,1,2.5-3
446,8.8,0.3,5.4,2.1,7.4,3.12,High,3,3-3.5
447,9.7,2.7,8.4,1.2,2.0,3.44,High,3,3-3.5
448,8.2,3.7,8.1,3.5,0.5,3.23,High,3,3-3.5
449,8.6,0.5,9.5,0.4,5.0,3.06,High,3,3-3.5
450,5.1,1.7,6.5,2.9,7.8,2.79,Low,1,2.5-3
451,7.9,0.2,5.6,3.4,6.9,3.44,High,3,3-3.5
452,8.3,3.4,8.5,1.6,2.2,3.07,High,3,3-3.5
453,8.4,1.1,6.5,4.7,3.3,3.54,High,3,3.5-4
454,9.1,3.4,9.6,0.8,1.1,3.31,High,3,3-3.5
455,6.6,2.3,6.9,3.6,4.6,3.2,Moderate,2,3-3.5
456,6.9,0.7,7.2,0.9,8.3,3.26,Moderate,2,3-3.5
457,9.5,1.4,5.8,0.2,7.1,3.69,High,3,3.5-4
458,6.7,0.3,7.0,1.9,8.1,3.28,Moderate,2,3-3.5
459,8.4,2.4,6.8,1.3,5.1,3.25,High,3,3-3.5
460,8.4,0.6,7.4,0.2,7.4,3.32,High,3,3-3.5
461,7.5,3.9,6.9,0.2,5.5,3.11,Moderate,2,3-3.5
462,5.8,0.1,8.8,2.8,6.5,2.8,Low,1,2.5-3
463,6.4,3.6,5.6,5.7,2.7,3.1,High,3,3-3.5
464,8.0,3.3,9.9,0.8,2.0,3.13,Moderate,2,3-3.5
465,9.8,1.6,6.9,1.9,3.8,3.23,High,3,3-3.5
466,7.8,2.2,8.8,4.3,0.9,3.2,Moderate,2,3-3.5
467,7.2,1.2,6.3,1.2,8.1,3.05,Moderate,2,3-3.5
468,6.4,3.9,7.8,2.0,3.9,2.87,Moderate,2,2.5-3
469,7.9,0.6,7.2,3.8,4.5,2.68,Moderate,2,2.5-3
470,10.0,3.5,8.1,1.4,1.0,3.44,High,3,3-3.5
471,8.1,0.8,7.0,0.2,7.9,3.74,High,3,3.5-4
472,6.1,3.9,9.5,3.2,1.3,2.61,Moderate,2,2.5-3
473,7.7,3.5,5.7,4.7,2.4,3.21,High,3,3-3.5
474,6.4,3.5,9.7,0.7,3.7,2.89,Moderate,2,2.5-3
475,7.3,3.9,7.4,4.7,0.7,2.74,Moderate,2,2.5-3
476,6.4,0.8,8.8,2.3,5.7,3.21,Moderate,2,3-3.5
477,7.6,2.0,7.9,5.2,1.3,3.13,Moderate,2,3-3.5
478,9.1,3.1,7.9,3.7,0.2,3.42,High,3,3-3.5
479,6.0,0.4,9.3,2.6,5.7,3.02,Moderate,2,3-3.5
480,8.1,3.7,5.1,2.9,4.2,2.63,High,3,2.5-3
481,8.4,2.9,8.5,0.6,3.6,3.07,High,3,3-3.5
482,9.0,1.1,6.1,5.7,2.1,3.07,High,3,3-3.5
483,5.0,4.0,8.4,5.0,1.6,2.9,Low,1,2.5-3
484,8.7,0.6,8.8,4.5,1.4,3.41,High,3,3-3.5
485,8.3,3.1,9.2,2.1,1.3,3.24,High,3,3-3.5
486,5.4,1.6,7.0,0.4,9.6,2.63,Low,1,2.5-3
487,6.7,0.4,9.0,5.7,2.2,2.63,Moderate,2,2.5-3
488,5.4,2.0,9.0,4.2,3.4,2.85,Low,1,2.5-3
489,5.3,0.3,7.0,1.8,9.6,2.64,Low,1,2.5-3
490,9.0,3.7,7.0,3.9,0.4,3.16,High,3,3-3.5
491,6.6,1.9,6.1,3.8,5.6,3.0,Moderate,2,2.5-3
492,6.8,2.6,5.6,5.3,3.7,3.08,High,3,3-3.5
493,7.5,1.8,7.9,3.7,3.1,3.17,Moderate,2,3-3.5
494,6.2,2.9,9.1,4.7,1.1,2.83,Moderate,2,2.5-3
495,7.8,2.1,5.7,4.7,3.7,3.16,High,3,3-3.5
496,6.4,0.5,8.1,0.3,8.7,2.61,Moderate,2,2.5-3
497,8.7,1.3,5.0,3.1,5.9,3.24,High,3,3-3.5
498,9.2,0.0,6.2,4.4,4.2,3.41,High,3,3-3.5
499,6.6,0.4,6.8,1.6,8.6,2.89,Moderate,2,2.5-3
500,8.9,3.6,7.2,3.9,0.4,3.51,High,3,3.5-4
501,6.9,3.9,5.4,4.1,3.7,2.55,High,3,2.5-3
502,8.2,2.8,5.0,1.0,7.0,3.2,High,3,3-3.5
503,8.6,2.7,9.8,2.2,0.7,3.31,High,3,3-3.5
504,6.5,0.4,8.9,3.9,4.3,3.01,Moderate,2,3-3.5
505,5.2,1.4,9.8,3.0,4.6,2.49,Low,1,2-2.5
506,6.0,1.5,6.8,0.3,9.4,2.44,Moderate,2,2-2.5
507,8.8,1.7,9.1,3.7,0.7,3.44,High,3,3-3.5
508,7.4,3.5,6.1,4.1,2.9,2.88,Moderate,2,2.5-3
509,8.0,1.2,5.7,3.9,5.2,3.03,High,3,3-3.5
510,8.2,1.6,8.6,1.1,4.5,3.46,High,3,3-3.5
511,9.5,1.1,6.8,0.3,6.3,3.43,High,3,3-3.5
512,6.3,3.3,5.1,2.3,7.0,2.74,High,3,2.5-3
513,6.7,0.1,5.6,2.5,9.1,2.49,High,3,2-2.5
514,7.7,2.4,5.0,2.8,6.1,3.12,High,3,3-3.5
515,9.8,2.1,8.4,1.2,2.5,3.61,High,3,3.5-4
516,7.6,3.9,5.6,0.1,6.8,3.28,High,3,3-3.5
517,8.9,3.2,5.6,1.6,4.7,3.36,High,3,3-3.5
518,6.7,1.5,5.0,1.8,9.0,3.31,High,3,3-3.5
519,8.2,3.9,9.2,0.1,2.6,3.26,High,3,3-3.5
520,8.9,1.8,7.0,1.8,4.5,3.38,High,3,3-3.5
521,5.3,0.9,6.2,2.9,8.7,2.76,Low,1,2.5-3
522,5.3,3.8,9.7,4.1,1.1,3.13,Low,1,3-3.5
523,10.0,2.2,9.8,0.2,1.8,3.25,High,3,3-3.5
524,6.0,0.6,8.1,4.7,4.6,2.78,Moderate,2,2.5-3
525,7.9,0.6,9.1,3.8,2.6,3.5,Moderate,2,3-3.5
526,6.3,1.4,9.6,1.7,5.0,2.74,Moderate,2,2.5-3
527,7.3,3.6,8.5,0.3,4.3,2.93,Moderate,2,2.5-3
528,5.7,3.8,7.6,1.5,5.4,3.27,Low,1,3-3.5
529,7.5,2.7,5.4,1.6,6.8,3.09,High,3,3-3.5
530,7.7,1.7,5.2,1.0,8.4,3.43,High,3,3-3.5
531,7.2,0.8,5.2,5.1,5.7,2.99,High,3,2.5-3
532,9.8,0.8,9.8,3.6,0.0,3.59,High,3,3.5-4
533,8.6,3.9,7.8,1.0,2.7,3.69,High,3,3.5-4
534,5.4,2.5,9.9,1.1,5.1,2.54,Low,1,2.5-3
535,9.0,3.6,9.7,1.6,0.1,3.44,High,3,3-3.5
536,8.8,0.6,7.4,4.3,2.9,3.32,High,3,3-3.5
537,6.2,2.6,8.3,1.0,5.9,3.23,Moderate,2,3-3.5
538,7.5,0.0,5.0,2.1,9.4,3.2,High,3,3-3.5
539,9.6,0.9,8.2,1.2,4.1,3.62,High,3,3.5-4
540,8.6,0.4,7.1,0.2,7.7,3.2,High,3,3-3.5
541,7.4,2.6,5.6,1.7,6.7,3.26,High,3,3-3.5
542,10.0,0.2,8.8,1.9,3.1,3.46,High,3,3-3.5
543,7.0,3.0,9.6,4.2,0.2,2.68,Moderate,2,2.5-3
544,8.9,1.0,7.8,2.2,4.1,3.54,High,3,3.5-4
545,8.3,1.0,6.0,5.5,3.2,3.25,High,3,3-3.5
546,6.1,0.2,5.2,1.1,11.4,2.72,High,3,2.5-3
547,9.3,1.1,9.8,2.2,1.6,3.79,High,3,3.5-4
548,7.6,3.0,6.4,2.1,4.9,2.83,Moderate,2,2.5-3
549,9.5,3.8,9.5,0.5,0.7,3.4,High,3,3-3.5
550,7.5,0.8,8.0,1.1,6.6,3.43,Moderate,2,3-3.5
551,6.7,3.4,6.0,0.4,7.5,2.48,Moderate,2,2-2.5
552,9.1,3.3,6.7,3.4,1.5,3.4,High,3,3-3.5
553,8.9,2.6,5.8,5.3,1.4,2.98,High,3,2.5-3
554,7.1,0.2,5.6,4.6,6.5,3.13,High,3,3-3.5
555,5.0,1.7,7.6,0.3,9.4,2.53,Low,1,2.5-3
556,6.2,0.0,8.6,5.8,3.4,2.71,Moderate,2,2.5-3
557,6.1,2.7,8.7,5.1,1.4,2.57,Moderate,2,2.5-3
558,6.6,2.9,9.1,1.0,4.4,2.85,Moderate,2,2.5-3
559,6.9,3.6,9.0,4.4,0.1,2.92,Moderate,2,2.5-3
560,8.0,2.6,5.4,3.3,4.7,3.48,High,3,3-3.5
561,8.5,0.7,8.9,3.4,2.5,3.41,High,3,3-3.5
562,6.5,2.9,8.8,0.6,5.2,2.67,Moderate,2,2.5-3
563,7.6,2.0,6.8,5.6,2.0,3.25,Moderate,2,3-3.5
564,8.6,1.8,9.6,2.8,1.2,3.47,High,3,3-3.5
565,8.6,3.4,6.4,4.5,1.1,3.18,High,3,3-3.5
566,6.7,3.9,9.3,2.9,1.2,2.78,Moderate,2,2.5-3
567,8.6,2.2,9.7,1.7,1.8,3.07,High,3,3-3.5
568,8.9,2.9,6.9,0.1,5.2,3.26,High,3,3-3.5
569,9.2,0.0,8.5,5.8,0.5,3.08,High,3,3-3.5
570,8.5,3.3,7.7,4.4,0.1,3.2,High,3,3-3.5
571,5.3,2.0,8.6,5.2,2.9,2.89,Low,1,2.5-3
572,7.8,1.6,5.7,5.2,3.7,3.06,High,3,3-3.5
573,5.8,1.2,6.5,5.2,5.3,3.08,Low,1,3-3.5
574,6.3,2.5,7.9,5.0,2.3,3.07,Moderate,2,3-3.5
575,9.5,0.0,8.4,0.3,5.8,3.07,High,3,3-3.5
576,6.5,1.4,8.1,2.0,6.0,3.06,Moderate,2,3-3.5
577,8.7,1.6,5.3,4.7,3.7,3.2,High,3,3-3.5
578,8.4,1.3,5.3,2.2,6.8,2.92,High,3,2.5-3
579,9.7,2.6,8.4,2.1,1.2,3.38,High,3,3-3.5
580,8.8,0.4,6.4,1.7,6.7,3.05,High,3,3-3.5
581,7.2,3.9,5.3,3.1,4.5,3.03,High,3,3-3.5
582,8.7,2.8,7.1,1.9,3.5,3.12,High,3,3-3.5
583,7.0,1.1,6.0,2.9,7.0,2.87,Moderate,2,2.5-3
584,8.3,3.9,8.0,0.3,3.5,3.04,High,3,3-3.5
585,5.4,3.8,6.5,0.6,7.7,3.14,Low,1,3-3.5
586,8.2,1.1,5.1,5.8,3.8,3.5,High,3,3-3.5
587,6.3,2.7,8.5,3.7,2.8,2.72,Moderate,2,2.5-3
588,8.0,3.5,9.7,0.3,2.5,3.02,Moderate,2,3-3.5
589,5.8,3.8,8.7,5.0,0.7,2.95,Low,1,2.5-3
590,8.5,2.7,7.0,0.1,5.7,3.01,High,3,3-3.5
591,7.9,1.0,7.3,5.7,2.1,3.41,Moderate,2,3-3.5
592,5.9,2.7,9.9,0.6,4.9,2.82,Low,1,2.5-3
593,5.0,1.7,5.5,4.5,7.3,2.72,High,3,2.5-3
594,6.3,1.7,8.6,0.1,7.3,3.11,Moderate,2,3-3.5
595,7.9,2.5,8.2,1.3,4.1,3.08,Moderate,2,3-3.5
596,6.0,3.5,8.7,0.1,5.7,2.95,Moderate,2,2.5-3
597,6.2,0.9,6.4,1.5,9.0,2.92,Moderate,2,2.5-3
598,8.7,2.4,8.4,0.4,4.1,3.16,High,3,3-3.5
599,9.8,3.4,9.0,1.5,0.3,3.49,High,3,3-3.5
600,6.0,2.5,8.7,4.4,2.4,3.05,Moderate,2,3-3.5
601,7.6,0.3,6.9,5.5,3.7,3.35,Moderate,2,3-3.5
602,6.3,1.5,9.5,4.0,2.7,3.42,Moderate,2,3-3.5
603,8.9,1.8,8.2,1.3,3.8,3.21,High,3,3-3.5
604,7.2,2.6,9.7,0.3,4.2,3.42,Moderate,2,3-3.5
605,9.1,1.2,7.2,0.1,6.4,3.37,High,3,3-3.5
606,5.3,2.0,9.6,0.6,6.5,2.41,Low,1,2-2.5
607,8.8,1.6,8.3,1.4,3.9,3.26,High,3,3-3.5
608,5.4,0.7,8.3,5.3,4.3,2.75,Low,1,2.5-3
609,9.1,2.7,5.6,1.7,4.9,3.15,High,3,3-3.5
610,7.6,2.1,6.8,2.1,5.4,2.97,Moderate,2,2.5-3
611,9.1,3.2,6.5,4.8,0.4,3.34,High,3,3-3.5
612,6.8,2.0,9.7,4.8,0.7,3.09,Moderate,2,3-3.5
613,5.5,1.6,7.8,3.0,6.1,2.9,Low,1,2.5-3
614,8.4,3.4,9.3,2.2,0.7,3.2,High,3,3-3.5
615,7.2,2.4,5.8,4.0,4.6,3.19,High,3,3-3.5
616,6.1,0.5,5.8,0.0,11.6,2.73,High,3,2.5-3
617,8.6,2.9,7.6,0.8,4.1,3.15,High,3,3-3.5
618,5.5,0.9,7.6,3.6,6.4,2.57,Low,1,2.5-3
619,6.2,0.2,7.0,1.4,9.2,3.13,Moderate,2,3-3.5
620,7.1,1.7,7.7,4.2,3.3,3.48,Moderate,2,3-3.5
621,8.5,0.7,7.5,2.5,4.8,3.34,High,3,3-3.5
622,7.7,0.5,8.0,0.7,7.1,3.34,Moderate,2,3-3.5
623,6.7,0.6,8.5,1.2,7.0,3.18,Moderate,2,3-3.5
624,6.0,2.0,7.1,0.1,8.8,2.85,Moderate,2,2.5-3
625,9.0,0.3,7.4,3.4,3.9,3.64,High,3,3.5-4
626,6.3,0.0,8.6,3.2,5.9,3.14,Moderate,2,3-3.5
627,9.2,3.3,9.2,1.1,1.2,3.6,High,3,3.5-4
628,7.3,0.7,9.3,5.3,1.4,2.97,Moderate,2,2.5-3
629,7.3,0.3,6.9,4.8,4.7,3.09,Moderate,2,3-3.5
630,5.3,3.5,6.9,3.3,5.0,2.81,Low,1,2.5-3
631,9.8,0.3,8.2,0.4,5.3,3.71,High,3,3.5-4
632,7.2,4.0,7.8,1.6,3.4,2.98,Moderate,2,2.5-3
633,6.1,1.4,6.9,0.4,9.2,2.79,Moderate,2,2.5-3
634,8.6,2.6,8.5,0.0,4.3,2.85,High,3,2.5-3
635,6.1,2.6,7.4,0.0,7.9,3.03,Moderate,2,3-3.5
636,7.7,0.3,8.8,3.5,3.7,3.29,Moderate,2,3-3.5
637,8.9,3.0,9.0,1.6,1.5,3.42,High,3,3-3.5
638,8.1,3.0,5.8,1.2,5.9,3.04,High,3,3-3.5
639,9.5,3.0,9.5,1.5,0.5,3.76,High,3,3.5-4
640,9.4,2.3,8.2,0.6,3.5,3.62,High,3,3.5-4
641,7.4,2.9,6.4,1.2,6.1,2.89,Moderate,2,2.5-3
642,6.1,1.7,9.5,3.0,3.7,2.76,Moderate,2,2.5-3
643,5.9,0.3,8.5,2.3,7.0,2.99,Low,1,2.5-3
644,9.0,1.1,8.5,1.4,4.0,3.56,High,3,3.5-4
645,9.7,2.5,6.6,1.4,3.8,3.57,High,3,3.5-4
646,6.1,2.4,6.3,4.0,5.2,2.73,Moderate,2,2.5-3
647,9.1,3.1,8.8,0.6,2.4,3.42,High,3,3-3.5
648,6.8,1.7,5.2,1.6,8.7,2.91,High,3,2.5-3
649,5.2,3.5,6.2,3.3,5.8,2.8,Low,1,2.5-3
650,6.6,3.6,9.4,1.4,3.0,2.94,Moderate,2,2.5-3
651,9.5,4.0,9.1,1.2,0.2,3.52,High,3,3.5-4
652,5.3,0.4,10.0,2.0,6.3,2.49,Low,1,2-2.5
653,8.7,3.2,9.3,2.8,0.0,3.1,High,3,3-3.5
654,5.1,1.4,8.9,3.4,5.2,2.72,Low,1,2.5-3
655,6.6,2.6,6.2,0.1,8.5,3.11,Moderate,2,3-3.5
656,8.8,0.2,9.2,3.6,2.2,3.59,High,3,3.5-4
657,7.8,2.5,9.3,2.6,1.8,3.2,Moderate,2,3-3.5
658,8.8,1.8,8.5,1.9,3.0,3.32,High,3,3-3.5
659,6.1,2.4,9.6,5.5,0.4,2.99,Moderate,2,2.5-3
660,6.1,4.0,9.9,2.6,1.4,2.49,Moderate,2,2-2.5
661,9.0,2.9,8.0,0.2,3.9,3.74,High,3,3.5-4
662,8.4,1.5,9.7,0.7,3.7,3.16,High,3,3-3.5
663,7.5,2.8,8.5,3.4,1.8,2.98,Moderate,2,2.5-3
664,8.2,2.4,5.9,4.2,3.3,3.13,High,3,3-3.5
665,7.3,2.7,9.2,0.8,4.0,3.41,Moderate,2,3-3.5
666,9.2,3.2,9.8,1.0,0.8,3.55,High,3,3.5-4
667,7.4,1.6,5.8,3.4,5.8,3.19,High,3,3-3.5
668,7.9,2.4,6.8,0.3,6.6,3.14,Moderate,2,3-3.5
669,5.2,1.7,5.4,3.6,8.1,2.55,High,3,2.5-3
670,9.3,3.5,6.0,3.8,1.4,3.52,High,3,3.5-4
671,6.4,3.2,10.0,0.1,4.3,3.01,Moderate,2,3-3.5
672,9.9,1.9,9.2,0.2,2.8,3.65,High,3,3.5-4
673,6.7,0.3,9.9,4.9,2.2,2.96,Moderate,2,2.5-3
674,5.4,0.8,6.1,2.8,8.9,2.66,Low,1,2.5-3
675,6.3,0.4,5.8,0.9,10.6,2.93,High,3,2.5-3
676,6.4,3.2,6.6,1.8,6.0,3.06,Moderate,2,3-3.5
677,6.2,0.5,6.3,2.1,8.9,2.84,Moderate,2,2.5-3
678,6.1,3.2,5.7,2.1,6.9,2.95,High,3,2.5-3
679,9.3,0.6,5.4,2.9,5.8,3.51,High,3,3.5-4
680,9.0,0.5,7.9,3.0,3.6,2.99,High,3,2.5-3
681,5.7,2.5,6.4,2.9,6.5,2.84,Low,1,2.5-3
682,6.5,3.3,5.3,2.5,6.4,2.81,High,3,2.5-3
683,7.3,2.9,7.9,3.9,2.0,3.19,Moderate,2,3-3.5
684,6.6,2.2,9.2,5.9,0.1,3.06,Moderate,2,3-3.5
685,9.4,1.5,6.0,2.9,4.2,3.4,High,3,3-3.5
686,7.4,3.4,6.8,5.2,1.2,3.45,Moderate,2,3-3.5
687,7.0,1.3,7.3,4.6,3.8,3.0,Moderate,2,2.5-3
688,9.8,0.7,7.8,3.3,2.4,3.41,High,3,3-3.5
689,7.4,2.6,6.1,3.3,4.6,3.41,Moderate,2,3-3.5
690,5.7,2.3,5.9,1.7,8.4,2.62,High,3,2.5-3
691,6.1,0.7,9.1,1.7,6.4,2.69,Moderate,2,2.5-3
692,6.9,3.2,6.8,0.5,6.6,3.08,Moderate,2,3-3.5
693,7.8,3.4,9.0,0.7,3.1,2.95,Moderate,2,2.5-3
694,6.1,3.5,6.2,1.6,6.6,3.05,Moderate,2,3-3.5
695,5.0,3.5,9.0,3.8,2.7,2.62,Low,1,2.5-3
696,7.3,1.4,5.5,2.9,6.9,3.19,High,3,3-3.5
697,9.6,0.2,6.5,1.2,6.5,3.5,High,3,3-3.5
698,7.3,1.9,8.8,0.9,5.1,3.06,Moderate,2,3-3.5
699,7.4,1.7,8.0,6.0,0.9,3.0,Moderate,2,2.5-3
700,9.1,0.7,5.2,1.2,7.8,3.64,High,3,3.5-4
701,6.7,2.0,8.1,5.5,1.7,3.11,Moderate,2,3-3.5
702,5.3,0.1,7.8,2.6,8.2,3.58,Low,1,3.5-4
703,9.2,0.6,5.1,2.7,6.4,3.27,High,3,3-3.5
704,8.0,1.1,5.9,2.3,6.7,3.27,High,3,3-3.5
705,9.0,1.6,8.8,0.6,4.0,3.2,High,3,3-3.5
706,8.4,2.3,9.6,1.4,2.3,3.41,High,3,3-3.5
707,5.3,0.1,9.1,3.1,6.4,2.65,Low,1,2.5-3
708,6.7,0.1,9.8,4.0,3.4,3.15,Moderate,2,3-3.5
709,9.7,1.1,8.1,3.5,1.6,3.63,High,3,3.5-4
710,9.7,3.5,8.7,0.6,1.5,3.36,High,3,3-3.5
711,6.4,3.9,5.1,4.3,4.3,3.14,High,3,3-3.5
712,10.0,1.2,6.7,0.5,5.6,3.79,High,3,3.5-4
713,7.2,1.0,6.7,5.0,4.1,3.21,Moderate,2,3-3.5
714,5.3,0.4,5.8,3.6,8.9,2.76,High,3,2.5-3
715,5.8,3.9,7.2,3.0,4.1,2.83,Low,1,2.5-3
716,8.3,3.0,8.8,2.3,1.6,2.92,High,3,2.5-3
717,9.5,3.3,8.8,0.1,2.3,3.24,High,3,3-3.5
718,7.0,3.5,9.5,3.6,0.4,3.4,Moderate,2,3-3.5
719,6.6,2.8,6.4,1.1,7.1,2.88,Moderate,2,2.5-3
720,7.1,3.3,5.6,4.4,3.6,2.85,High,3,2.5-3
721,7.7,1.2,7.5,1.8,5.8,2.88,Moderate,2,2.5-3
722,5.8,0.5,7.7,5.4,4.6,3.27,Low,1,3-3.5
723,6.7,2.9,8.3,5.6,0.5,3.06,Moderate,2,3-3.5
724,8.3,3.6,7.0,1.7,3.4,3.5,High,3,3-3.5
725,5.1,3.3,9.0,0.6,6.0,2.54,Low,1,2.5-3
726,5.6,3.9,6.1,0.4,8.0,3.32,Low,1,3-3.5
727,8.0,3.0,5.2,4.0,3.8,3.01,High,3,3-3.5
728,5.9,2.3,6.5,5.6,3.7,2.9,Low,1,2.5-3
729,9.1,3.9,6.3,4.6,0.1,2.98,High,3,2.5-3
730,5.3,0.2,8.5,2.7,7.3,2.62,Low,1,2.5-3
731,6.1,2.5,6.3,3.5,5.6,3.13,Moderate,2,3-3.5
732,9.1,1.9,6.8,2.2,4.0,3.27,High,3,3-3.5
733,9.0,1.3,6.0,0.5,7.2,3.05,High,3,3-3.5
734,9.2,0.9,6.9,4.9,2.1,2.81,High,3,2.5-3
735,9.1,1.5,7.3,1.8,4.3,3.4,High,3,3-3.5
736,7.7,0.1,7.4,2.4,6.4,3.24,Moderate,2,3-3.5
737,5.8,2.6,9.9,3.2,2.5,2.8,Low,1,2.5-3
738,7.1,0.5,8.1,5.6,2.7,3.1,Moderate,2,3-3.5
739,8.3,0.3,6.8,3.3,5.3,3.48,High,3,3-3.5
740,9.1,2.4,6.9,1.4,4.2,3.3,High,3,3-3.5
741,5.5,1.4,7.1,4.1,5.9,2.71,Low,1,2.5-3
742,7.0,0.7,5.8,5.0,5.5,3.09,High,3,3-3.5
743,5.2,1.7,5.8,5.3,6.0,2.48,High,3,2-2.5
744,7.5,2.9,9.8,0.8,3.0,3.19,Moderate,2,3-3.5
745,9.4,3.7,9.6,0.8,0.5,3.16,High,3,3-3.5
746,8.8,2.1,8.4,2.0,2.7,3.66,High,3,3.5-4
747,8.7,3.3,5.7,5.0,1.3,3.55,High,3,3.5-4
748,7.2,1.5,9.6,1.4,4.3,3.11,Moderate,2,3-3.5
749,9.2,1.9,7.6,1.6,3.7,3.02,High,3,3-3.5
750,5.2,1.1,5.0,5.9,6.8,2.93,High,3,2.5-3
751,9.8,1.6,8.6,1.4,2.6,3.68,High,3,3.5-4
752,9.7,1.6,8.9,1.0,2.8,3.57,High,3,3.5-4
753,10.0,0.1,8.0,3.9,2.0,3.35,High,3,3-3.5
754,9.7,0.7,8.1,1.2,4.3,3.53,High,3,3.5-4
755,6.5,2.2,7.1,1.0,7.2,2.91,Moderate,2,2.5-3
756,8.8,3.6,5.4,2.4,3.8,3.08,High,3,3-3.5
757,5.5,0.1,8.3,3.6,6.5,2.73,Low,1,2.5-3
758,5.1,3.3,9.9,0.8,4.9,2.64,Low,1,2.5-3
759,6.2,3.5,9.6,2.0,2.7,2.55,Moderate,2,2.5-3
760,5.1,2.3,5.1,4.7,6.8,3.03,High,3,3-3.5
761,6.5,0.2,7.9,2.4,7.0,2.98,Moderate,2,2.5-3
762,6.4,2.8,6.4,5.4,3.0,3.05,Moderate,2,3-3.5
763,6.9,2.2,5.3,2.6,7.0,3.12,High,3,3-3.5
764,6.1,0.9,9.1,5.6,2.3,3.01,Moderate,2,3-3.5
765,5.5,1.8,6.7,5.2,4.8,2.24,Low,1,2-2.5
766,6.7,1.6,7.6,1.0,7.1,2.93,Moderate,2,2.5-3
767,7.9,3.2,8.8,0.6,3.5,3.09,Moderate,2,3-3.5
768,6.8,1.6,8.4,0.3,6.9,2.88,Moderate,2,2.5-3
769,5.2,1.6,8.5,1.2,7.5,2.52,Low,1,2.5-3
770,9.4,3.6,6.5,1.0,3.5,3.57,High,3,3.5-4
771,7.1,1.0,8.4,5.0,2.5,3.26,Moderate,2,3-3.5
772,7.0,0.6,8.7,2.2,5.5,3.15,Moderate,2,3-3.5
773,8.4,1.1,5.4,6.0,3.1,3.44,High,3,3-3.5
774,9.3,1.2,7.3,3.7,2.5,3.76,High,3,3.5-4
775,7.1,1.7,6.7,3.4,5.1,2.99,Moderate,2,2.5-3
776,9.7,2.8,9.1,1.3,1.1,3.54,High,3,3.5-4
777,8.9,0.1,9.1,0.2,5.7,3.14,High,3,3-3.5
778,8.8,1.0,9.3,0.5,4.4,3.18,High,3,3-3.5
779,5.6,3.9,8.4,5.1,1.0,3.08,Low,1,3-3.5
780,8.0,2.4,8.4,3.0,2.2,2.96,Moderate,2,2.5-3
781,7.1,1.1,8.8,1.4,5.6,2.85,Moderate,2,2.5-3
782,8.1,3.0,6.1,0.4,6.4,3.37,High,3,3-3.5
783,5.7,2.4,9.2,0.3,6.4,2.69,Low,1,2.5-3
784,7.4,3.7,6.7,2.8,3.4,3.36,Moderate,2,3-3.5
785,5.1,0.3,6.3,0.2,12.1,2.55,Low,1,2.5-3
786,7.7,0.7,6.5,4.0,5.1,3.54,Moderate,2,3.5-4
787,9.8,0.2,9.5,2.6,1.9,3.47,High,3,3-3.5
788,5.3,0.4,8.0,2.0,8.3,3.37,Low,1,3-3.5
789,9.6,1.6,5.7,4.3,2.8,3.49,High,3,3-3.5
790,8.5,3.6,9.0,2.0,0.9,2.9,High,3,2.5-3
791,8.4,3.8,6.5,0.0,5.3,3.08,High,3,3-3.5
792,8.3,2.5,8.0,0.1,5.1,3.1,High,3,3-3.5
793,8.6,1.3,8.3,3.2,2.6,3.11,High,3,3-3.5
794,5.5,3.3,9.6,3.6,2.0,2.75,Low,1,2.5-3
795,5.5,1.6,8.6,4.7,3.6,2.64,Low,1,2.5-3
796,6.3,0.1,7.7,5.1,4.8,3.22,Moderate,2,3-3.5
797,9.8,2.3,7.6,0.4,3.9,3.04,High,3,3-3.5
798,8.0,1.6,6.2,0.6,7.6,3.38,Moderate,2,3-3.5
799,6.6,0.4,5.9,5.9,5.2,3.27,High,3,3-3.5
800,9.4,4.0,7.9,2.2,0.5,2.91,High,3,2.5-3
801,6.6,1.2,7.0,4.0,5.2,2.76,Moderate,2,2.5-3
802,5.7,2.5,5.6,3.5,6.7,3.08,High,3,3-3.5
803,8.5,2.8,8.8,3.4,0.5,3.63,High,3,3.5-4
804,8.1,0.7,5.1,1.7,8.4,3.21,High,3,3-3.5
805,7.2,2.5,9.2,1.0,4.1,3.07,Moderate,2,3-3.5
806,7.9,2.2,5.4,0.3,8.2,2.99,High,3,2.5-3
807,5.5,2.3,7.7,1.4,7.1,3.05,Low,1,3-3.5
808,5.2,2.0,8.4,1.5,6.9,2.88,Low,1,2.5-3
809,6.5,2.5,9.5,4.5,1.0,3.29,Moderate,2,3-3.5
810,6.8,2.6,7.3,1.1,6.2,3.13,Moderate,2,3-3.5
811,8.5,2.2,6.8,5.5,1.0,3.07,High,3,3-3.5
812,8.4,1.6,8.8,2.4,2.8,3.51,High,3,3.5-4
813,7.1,3.7,6.3,0.7,6.2,3.15,Moderate,2,3-3.5
814,6.9,0.2,6.7,3.0,7.2,3.05,Moderate,2,3-3.5
815,5.8,2.6,10.0,2.5,3.1,2.64,Low,1,2.5-3
816,5.6,3.5,7.1,2.3,5.5,2.5,Low,1,2-2.5
817,8.3,1.8,8.2,0.4,5.3,3.33,High,3,3-3.5
818,5.8,1.9,8.0,3.5,4.8,2.9,Low,1,2.5-3
819,7.0,1.4,5.6,2.4,7.6,3.15,High,3,3-3.5
820,6.0,0.2,7.8,3.6,6.4,2.75,Moderate,2,2.5-3
821,9.4,2.3,6.7,4.5,1.1,3.25,High,3,3-3.5
822,7.8,3.6,7.0,1.7,3.9,3.19,Moderate,2,3-3.5
823,5.7,0.6,7.2,3.6,6.9,2.96,Low,1,2.5-3
824,9.1,0.3,7.4,3.8,3.4,3.66,High,3,3.5-4
825,9.1,3.1,6.4,5.1,0.3,3.45,High,3,3-3.5
826,7.9,3.7,8.4,1.9,2.1,2.68,Moderate,2,2.5-3
827,9.0,3.8,5.1,5.9,0.2,3.22,High,3,3-3.5
828,7.2,2.6,6.9,0.3,7.0,3.0,Moderate,2,2.5-3
829,8.0,3.6,6.9,1.2,4.3,3.08,Moderate,2,3-3.5
830,9.1,3.3,7.9,1.3,2.4,3.35,High,3,3-3.5
831,9.0,2.2,9.1,2.3,1.4,3.44,High,3,3-3.5
832,7.1,3.8,7.7,3.3,2.1,3.33,Moderate,2,3-3.5
833,6.1,2.5,7.9,1.1,6.4,2.94,Moderate,2,2.5-3
834,8.8,2.1,6.1,4.0,3.0,3.2,High,3,3-3.5
835,5.4,1.8,5.8,1.1,9.9,2.71,High,3,2.5-3
836,5.3,1.6,7.6,2.9,6.6,2.54,Low,1,2.5-3
837,6.9,3.4,5.7,3.0,5.0,3.37,High,3,3-3.5
838,9.4,2.2,9.8,0.1,2.5,3.79,High,3,3.5-4
839,5.5,0.2,5.9,3.2,9.2,2.74,High,3,2.5-3
840,9.7,3.4,6.5,0.3,4.1,3.48,High,3,3-3.5
841,5.8,0.5,5.6,3.1,9.0,2.73,High,3,2.5-3
842,9.9,2.7,9.7,0.2,1.5,3.23,High,3,3-3.5
843,6.9,2.2,5.4,0.0,9.5,3.27,High,3,3-3.5
844,7.1,2.0,7.1,0.1,7.7,3.34,Moderate,2,3-3.5
845,6.7,0.7,5.5,5.7,5.4,3.31,High,3,3-3.5
846,6.6,1.6,6.2,0.6,9.0,3.12,Moderate,2,3-3.5
847,5.9,3.2,8.4,3.3,3.2,3.05,Low,1,3-3.5
848,5.4,1.1,6.7,4.7,6.1,2.8,Low,1,2.5-3
849,10.0,1.0,9.4,3.0,0.6,3.4,High,3,3-3.5
850,7.0,3.9,5.9,4.8,2.4,2.78,High,3,2.5-3
851,6.7,2.9,7.1,3.5,3.8,3.09,Moderate,2,3-3.5
852,9.3,0.2,8.5,0.8,5.2,3.49,High,3,3-3.5
853,7.1,2.2,7.0,3.1,4.6,2.87,Moderate,2,2.5-3
854,5.7,0.6,9.7,5.3,2.7,3.18,Low,1,3-3.5
855,9.5,4.0,6.0,1.6,2.9,3.39,High,3,3-3.5
856,7.1,1.4,8.0,3.5,4.0,3.48,Moderate,2,3-3.5
857,5.8,1.9,7.8,3.4,5.1,3.01,Low,1,3-3.5
858,5.1,1.4,8.9,3.4,5.2,2.6,Low,1,2.5-3
859,6.3,2.8,7.8,4.8,2.3,3.08,Moderate,2,3-3.5
860,7.4,0.5,6.3,2.5,7.3,3.4,Moderate,2,3-3.5
861,8.0,2.1,6.4,0.0,7.5,2.83,Moderate,2,2.5-3
862,8.7,0.1,7.9,5.6,1.7,3.3,High,3,3-3.5
863,5.9,1.9,5.5,3.8,6.9,2.45,High,3,2-2.5
864,7.6,3.6,6.0,0.1,6.7,3.38,Moderate,2,3-3.5
865,9.3,2.3,9.5,1.7,1.2,3.34,High,3,3-3.5
866,8.7,3.7,7.9,0.7,3.0,3.57,High,3,3.5-4
867,6.3,0.8,6.2,1.8,8.9,3.37,Moderate,2,3-3.5
868,7.1,2.5,5.4,0.5,8.5,3.33,High,3,3-3.5
869,5.9,2.1,6.1,1.7,8.2,3.13,Low,1,3-3.5
870,5.1,2.6,8.3,4.8,3.2,2.69,Low,1,2.5-3
871,9.7,0.1,5.8,5.3,3.1,3.92,High,3,3.5-4
872,8.3,2.7,9.7,3.3,0.0,2.95,High,3,2.5-3
873,8.6,1.1,9.4,0.2,4.7,3.36,High,3,3-3.5
874,6.3,0.9,5.7,5.2,5.9,2.9,High,3,2.5-3
875,7.5,2.7,6.2,4.5,3.1,2.97,Moderate,2,2.5-3
876,7.1,0.8,9.9,3.9,2.3,3.28,Moderate,2,3-3.5
877,9.7,1.2,8.9,3.2,1.0,3.26,High,3,3-3.5
878,8.4,2.9,7.9,1.0,3.8,3.2,High,3,3-3.5
879,7.5,1.2,7.1,3.9,4.3,2.96,Moderate,2,2.5-3
880,7.0,1.1,6.0,4.7,5.2,3.2,Moderate,2,3-3.5
881,9.5,1.5,8.8,3.8,0.4,3.36,High,3,3-3.5
882,9.8,1.5,6.7,0.4,5.6,3.54,High,3,3.5-4
883,7.4,0.4,6.2,1.9,8.1,3.16,Moderate,2,3-3.5
884,6.5,3.4,9.3,3.7,1.1,3.02,Moderate,2,3-3.5
885,5.7,2.8,9.7,4.0,1.8,2.86,Low,1,2.5-3
886,8.2,2.0,5.6,1.9,6.3,2.81,High,3,2.5-3
887,9.0,3.4,5.7,5.6,0.3,3.59,High,3,3.5-4
888,8.8,3.2,9.7,0.7,1.6,3.07,High,3,3-3.5
889,9.3,0.5,8.5,4.2,1.5,3.17,High,3,3-3.5
890,9.4,0.7,5.3,4.3,4.3,3.57,High,3,3.5-4
891,7.4,3.4,6.9,1.0,5.3,3.15,Moderate,2,3-3.5
892,5.9,2.9,7.6,3.6,4.0,3.13,Low,1,3-3.5
893,7.3,3.3,9.1,3.1,1.2,3.34,Moderate,2,3-3.5
894,6.8,3.5,8.6,0.6,4.5,3.23,Moderate,2,3-3.5
895,7.0,3.5,5.2,5.8,2.5,3.26,High,3,3-3.5
896,6.4,1.0,9.7,1.8,5.1,3.25,Moderate,2,3-3.5
897,8.9,1.6,5.7,0.1,7.7,3.42,High,3,3-3.5
898,6.8,1.4,6.7,3.1,6.0,3.03,Moderate,2,3-3.5
899,7.2,3.5,7.5,2.9,2.9,3.04,Moderate,2,3-3.5
900,8.3,2.4,7.1,2.5,3.7,3.22,High,3,3-3.5
901,8.9,0.8,9.1,3.4,1.8,3.1,High,3,3-3.5
902,6.3,3.0,7.6,1.9,5.2,2.48,Moderate,2,2-2.5
903,8.0,4.0,7.2,4.4,0.4,3.11,Moderate,2,3-3.5
904,6.0,1.7,6.1,0.0,10.2,2.87,Moderate,2,2.5-3
905,9.6,3.4,8.7,0.4,1.9,3.5,High,3,3-3.5
906,7.2,0.5,7.6,2.1,6.6,3.11,Moderate,2,3-3.5
907,6.9,2.5,8.6,0.7,5.3,3.29,Moderate,2,3-3.5
908,6.7,1.8,8.4,3.1,4.0,2.92,Moderate,2,2.5-3
909,9.3,3.5,5.0,4.7,1.5,3.45,High,3,3-3.5
910,7.4,3.9,8.8,1.0,2.9,3.11,Moderate,2,3-3.5
911,7.7,4.0,9.3,0.3,2.7,2.96,Moderate,2,2.5-3
912,5.0,1.6,6.2,4.9,6.3,3.01,Low,1,3-3.5
913,6.7,3.3,5.0,1.8,7.2,2.85,High,3,2.5-3
914,5.3,0.7,7.8,1.7,8.5,2.64,Low,1,2.5-3
915,7.1,1.5,9.4,5.4,0.6,2.65,Moderate,2,2.5-3
916,5.5,3.8,5.3,1.8,7.6,2.81,High,3,2.5-3
917,6.5,1.3,5.8,4.7,5.7,3.04,High,3,3-3.5
918,5.6,0.3,9.5,1.1,7.5,2.66,Low,1,2.5-3
919,9.1,2.2,5.4,5.7,1.6,3.48,High,3,3-3.5
920,5.8,3.4,5.1,3.1,6.6,2.79,High,3,2.5-3
921,8.8,3.7,9.5,1.6,0.4,3.29,High,3,3-3.5
922,6.4,1.2,6.9,2.4,7.1,3.0,Moderate,2,2.5-3
923,7.7,0.6,8.5,1.0,6.2,3.16,Moderate,2,3-3.5
924,9.0,3.0,8.2,0.6,3.2,2.96,High,3,2.5-3
925,7.7,0.3,6.9,2.5,6.6,3.08,Moderate,2,3-3.5
926,5.9,1.6,9.7,0.8,6.0,2.86,Low,1,2.5-3
927,8.8,0.4,9.9,1.9,3.0,3.19,High,3,3-3.5
928,8.1,0.8,5.7,5.6,3.8,3.45,High,3,3-3.5
929,9.6,3.5,8.1,2.3,0.5,3.4,High,3,3-3.5
930,6.6,2.5,6.8,0.9,7.2,2.88,Moderate,2,2.5-3
931,8.0,3.3,6.9,0.8,5.0,3.08,Moderate,2,3-3.5
932,6.5,2.6,8.0,4.2,2.7,2.83,Moderate,2,2.5-3
933,6.8,3.3,6.0,2.8,5.1,2.92,Moderate,2,2.5-3
934,5.5,3.5,6.7,4.1,4.2,2.92,Low,1,2.5-3
935,5.1,2.8,6.6,0.3,9.2,2.49,Low,1,2-2.5
936,6.9,0.3,5.7,1.8,9.3,3.15,High,3,3-3.5
937,5.4,3.6,5.0,2.9,7.1,2.74,High,3,2.5-3
938,9.6,0.6,9.8,0.8,3.2,3.29,High,3,3-3.5
939,8.7,2.2,9.4,2.0,1.7,3.03,High,3,3-3.5
940,5.8,3.7,6.6,2.2,5.7,2.9,Low,1,2.5-3
941,8.8,1.4,9.8,3.0,1.0,3.51,High,3,3.5-4
942,5.2,1.0,7.3,1.4,9.1,2.83,Low,1,2.5-3
943,8.7,3.7,7.1,1.5,3.0,3.29,High,3,3-3.5
944,7.4,1.4,9.5,3.2,2.5,3.22,Moderate,2,3-3.5
945,8.8,3.2,6.7,2.3,3.0,3.24,High,3,3-3.5
946,9.0,3.8,8.1,2.3,0.8,3.55,High,3,3.5-4
947,9.0,3.4,7.0,0.2,4.4,3.68,High,3,3.5-4
948,7.3,3.0,6.8,3.8,3.1,2.91,Moderate,2,2.5-3
949,5.9,3.0,7.7,1.2,6.2,3.09,Low,1,3-3.5
950,7.4,0.9,9.8,4.2,1.7,2.94,Moderate,2,2.5-3
951,9.8,1.7,7.4,4.6,0.5,3.84,High,3,3.5-4
952,6.3,1.8,5.6,1.2,9.1,2.99,High,3,2.5-3
953,5.0,0.2,9.9,1.5,7.4,2.94,Low,1,2.5-3
954,7.8,0.6,8.6,3.6,3.4,3.26,Moderate,2,3-3.5
955,8.7,3.1,9.9,1.3,1.0,3.55,High,3,3.5-4
956,5.3,3.6,5.6,2.0,7.5,2.53,High,3,2.5-3
957,9.1,2.4,7.0,2.6,2.9,3.28,High,3,3-3.5
958,9.3,0.4,8.9,4.6,0.8,3.58,High,3,3.5-4
959,5.9,1.7,5.8,4.2,6.4,3.32,High,3,3-3.5
960,6.0,0.8,5.2,1.9,10.1,3.01,High,3,3-3.5
961,7.8,3.4,8.3,2.0,2.5,3.18,Moderate,2,3-3.5
962,6.3,0.2,8.6,0.7,8.2,3.1,Moderate,2,3-3.5
963,6.5,2.1,7.8,3.6,4.0,2.9,Moderate,2,2.5-3
964,8.1,3.9,8.6,3.1,0.3,2.99,High,3,2.5-3
965,8.8,2.4,6.0,4.0,2.8,3.59,High,3,3.5-4
966,7.4,2.1,6.7,3.1,4.7,3.44,Moderate,2,3-3.5
967,6.0,3.2,5.9,0.5,8.4,3.28,High,3,3-3.5
968,7.2,1.1,7.8,2.1,5.8,2.93,Moderate,2,2.5-3
969,9.7,3.7,7.5,1.0,2.1,3.04,High,3,3-3.5
970,9.6,0.0,7.8,4.4,2.2,3.38,High,3,3-3.5
971,7.4,0.3,9.9,3.1,3.3,2.84,Moderate,2,2.5-3
972,7.4,1.7,5.4,0.6,8.9,3.23,High,3,3-3.5
973,9.2,1.0,6.0,3.0,4.8,3.18,High,3,3-3.5
974,5.2,0.2,9.2,0.7,8.7,2.82,Low,1,2.5-3
975,5.2,1.8,9.2,1.6,6.2,2.68,Low,1,2.5-3
976,7.2,2.3,7.9,2.0,4.6,3.06,Moderate,2,3-3.5
977,6.6,0.4,6.8,0.6,9.6,3.31,Moderate,2,3-3.5
978,6.4,2.5,7.3,2.9,4.9,3.12,Moderate,2,3-3.5
979,8.8,1.1,6.6,5.5,2.0,3.32,High,3,3-3.5
980,9.6,2.4,7.7,1.1,3.2,3.3,High,3,3-3.5
981,6.7,3.4,7.8,3.1,3.0,2.98,Moderate,2,2.5-3
982,8.0,0.3,8.4,5.6,1.7,3.28,Moderate,2,3-3.5
983,7.9,0.5,7.9,4.6,3.1,3.38,Moderate,2,3-3.5
984,8.2,3.6,8.1,0.5,3.6,3.18,High,3,3-3.5
985,6.5,0.8,9.5,4.6,2.6,2.74,Moderate,2,2.5-3
986,5.9,3.0,7.4,1.4,6.3,3.1,Low,1,3-3.5
987,8.1,0.2,6.6,2.8,6.3,3.14,High,3,3-3.5
988,6.0,3.1,7.1,3.4,4.4,2.84,Moderate,2,2.5-3
989,5.1,0.1,7.2,4.9,6.7,2.94,Low,1,2.5-3
990,6.9,3.3,5.7,5.6,2.5,3.05,High,3,3-3.5
991,8.8,3.8,8.4,1.1,1.9,3.3,High,3,3-3.5
992,6.7,2.8,8.8,5.3,0.4,3.05,Moderate,2,3-3.5
993,6.0,3.2,8.7,0.4,5.7,2.6,Moderate,2,2.5-3
994,6.5,3.9,8.2,3.9,1.5,2.82,Moderate,2,2.5-3
995,9.9,1.5,9.0,1.6,2.0,3.44,High,3,3-3.5
996,9.7,0.9,6.6,4.5,2.3,3.5,High,3,3-3.5
997,7.0,2.4,7.2,4.5,2.9,3.0,Moderate,2,2.5-3
998,5.8,1.4,7.0,0.3,9.5,2.49,Low,1,2-2.5
999,7.9,3.5,5.8,3.6,3.2,3.01,High,3,3-3.5
1000,8.5,1.6,7.5,0.0,6.4,3.63,High,3,3.5-4
1001,8.5,2.6,5.2,2.2,5.5,3.26,High,3,3-3.5
1002,7.5,3.6,8.6,2.5,1.8,3.19,Moderate,2,3-3.5
1003,9.0,3.5,7.3,2.0,2.2,3.43,High,3,3-3.5
1004,8.5,0.3,9.3,2.8,3.1,3.26,High,3,3-3.5
1005,5.3,2.2,7.1,5.3,4.1,2.9,Low,1,2.5-3
1006,7.8,0.2,9.9,3.1,3.0,3.07,Moderate,2,3-3.5
1007,6.5,1.9,9.3,1.8,4.5,2.92,Moderate,2,2.5-3
1008,6.5,3.1,7.4,1.4,5.6,2.93,Moderate,2,2.5-3
1009,5.8,1.3,9.7,2.1,5.1,2.87,Low,1,2.5-3
1010,5.9,3.6,7.3,4.3,2.9,2.95,Low,1,2.5-3
1011,9.9,0.2,5.5,4.3,4.1,3.32,High,3,3-3.5
1012,5.2,0.1,8.9,0.8,9.0,2.66,Low,1,2.5-3
1013,7.3,2.4,7.1,0.2,7.0,3.17,Moderate,2,3-3.5
1014,7.2,2.1,7.4,2.3,5.0,3.13,Moderate,2,3-3.5
1015,9.4,3.6,6.7,2.6,1.7,2.81,High,3,2.5-3
1016,6.4,3.8,5.7,3.5,4.6,3.07,High,3,3-3.5
1017,6.4,1.1,7.0,6.0,3.5,2.98,Moderate,2,2.5-3
1018,5.4,0.6,7.2,3.1,7.7,2.68,Low,1,2.5-3
1019,6.3,1.3,5.4,1.8,9.2,3.1,High,3,3-3.5
1020,9.5,0.0,9.1,5.1,0.3,3.05,High,3,3-3.5
1021,5.5,0.6,9.8,3.2,4.9,3.2,Low,1,3-3.5
1022,8.7,4.0,6.4,2.6,2.3,3.21,High,3,3-3.5
1023,7.7,1.6,5.8,5.9,3.0,3.15,High,3,3-3.5
1024,8.0,0.9,7.7,4.2,3.2,3.44,Moderate,2,3-3.5
1025,7.6,4.0,8.1,1.6,2.7,3.02,Moderate,2,3-3.5
1026,6.9,1.4,7.2,4.7,3.8,3.14,Moderate,2,3-3.5
1027,7.4,3.2,7.9,1.9,3.6,2.99,Moderate,2,2.5-3
1028,6.1,2.0,6.3,0.1,9.5,3.05,Moderate,2,3-3.5
1029,8.2,2.0,7.2,5.8,0.8,3.45,High,3,3-3.5
1030,5.7,2.3,9.3,3.5,3.2,2.9,Low,1,2.5-3
1031,8.6,1.5,5.5,2.7,5.7,3.49,High,3,3-3.5
1032,6.2,3.9,9.8,1.0,3.1,2.87,Moderate,2,2.5-3
1033,6.7,3.6,9.8,1.7,2.2,3.06,Moderate,2,3-3.5
1034,8.4,1.1,8.7,0.3,5.5,2.86,High,3,2.5-3
1035,5.2,1.5,6.8,1.9,8.6,2.38,Low,1,2-2.5
1036,6.0,1.2,9.9,2.5,4.4,2.88,Moderate,2,2.5-3
1037,7.2,2.3,9.9,1.1,3.5,3.31,Moderate,2,3-3.5
1038,8.0,0.4,8.4,0.4,6.8,3.39,Moderate,2,3-3.5
1039,8.0,3.0,6.1,5.0,1.9,2.9,Moderate,2,2.5-3
1040,5.7,3.8,5.4,1.2,7.9,2.81,High,3,2.5-3
1041,6.7,2.5,7.7,0.8,6.3,2.81,Moderate,2,2.5-3
1042,6.1,1.6,8.5,1.3,6.5,2.76,Moderate,2,2.5-3
1043,6.8,1.6,9.9,5.4,0.3,2.89,Moderate,2,2.5-3
1044,5.3,1.3,6.3,3.0,8.1,2.94,Low,1,2.5-3
1045,8.9,3.4,9.2,0.9,1.6,3.11,High,3,3-3.5
1046,5.3,2.8,5.0,2.5,8.4,3.02,High,3,3-3.5
1047,6.6,2.8,8.8,1.8,4.0,2.87,Moderate,2,2.5-3
1048,7.2,2.9,8.5,5.3,0.1,3.26,Moderate,2,3-3.5
1049,6.1,2.6,8.0,5.5,1.8,3.01,Moderate,2,3-3.5
1050,7.8,1.1,7.4,2.0,5.7,3.04,Moderate,2,3-3.5
1051,7.9,3.6,7.8,3.0,1.7,3.05,Moderate,2,3-3.5
1052,6.2,2.0,6.6,1.1,8.1,2.94,Moderate,2,2.5-3
1053,7.5,1.3,6.3,2.8,6.1,3.21,Moderate,2,3-3.5
1054,5.5,3.1,9.0,4.6,1.8,2.97,Low,1,2.5-3
1055,5.6,2.6,9.2,3.5,3.1,2.72,Low,1,2.5-3
1056,7.6,0.1,8.2,0.5,7.6,3.56,Moderate,2,3.5-4
1057,7.2,1.2,7.7,0.8,7.1,3.28,Moderate,2,3-3.5
1058,5.8,0.4,5.7,5.3,6.8,3.0,High,3,2.5-3
1059,7.6,1.9,5.5,3.9,5.1,3.17,High,3,3-3.5
1060,8.1,0.3,5.6,0.3,9.7,3.25,High,3,3-3.5
1061,6.3,0.5,6.3,2.3,8.6,2.97,Moderate,2,2.5-3
1062,9.2,2.8,5.6,4.4,2.0,3.5,High,3,3-3.5
1063,6.4,2.6,6.7,6.0,2.3,2.78,Moderate,2,2.5-3
1064,9.7,0.1,8.5,4.1,1.6,3.26,High,3,3-3.5
1065,9.2,3.9,9.9,0.1,0.9,3.48,High,3,3-3.5
1066,8.2,0.5,8.3,5.9,1.1,3.44,High,3,3-3.5
1067,9.6,1.8,5.2,2.2,5.2,3.55,High,3,3.5-4
1068,7.3,0.2,7.1,2.8,6.6,3.27,Moderate,2,3-3.5
1069,9.6,2.6,6.6,2.7,2.5,3.37,High,3,3-3.5
1070,6.8,2.7,8.3,4.3,1.9,2.58,Moderate,2,2.5-3
1071,6.3,1.3,5.6,3.9,6.9,2.97,High,3,2.5-3
1072,9.3,3.6,7.2,1.8,2.1,3.3,High,3,3-3.5
1073,5.4,2.7,9.1,1.5,5.3,3.04,Low,1,3-3.5
1074,9.4,1.0,7.8,1.1,4.7,3.36,High,3,3-3.5
1075,5.5,3.6,9.1,4.4,1.4,2.44,Low,1,2-2.5
1076,7.7,0.4,8.8,3.5,3.6,3.0,Moderate,2,2.5-3
1077,5.9,0.8,5.9,0.3,11.1,3.11,High,3,3-3.5
1078,5.1,0.2,7.9,4.9,5.9,2.82,Low,1,2.5-3
1079,6.6,1.4,8.0,1.6,6.4,3.23,Moderate,2,3-3.5
1080,8.7,2.7,6.0,2.1,4.5,3.67,High,3,3.5-4
1081,5.6,0.5,8.4,5.2,4.3,2.86,Low,1,2.5-3
1082,5.9,0.4,9.1,3.5,5.1,2.96,Low,1,2.5-3
1083,8.1,3.1,8.5,3.6,0.7,3.12,High,3,3-3.5
1084,8.2,1.3,9.8,0.2,4.5,3.38,High,3,3-3.5
1085,7.9,0.7,8.6,1.1,5.7,3.18,Moderate,2,3-3.5
1086,9.6,0.8,5.7,4.6,3.3,3.12,High,3,3-3.5
1087,7.5,3.6,5.7,3.9,3.3,3.01,High,3,3-3.5
1088,8.4,2.4,8.8,1.4,3.0,3.17,High,3,3-3.5
1089,7.2,1.6,9.9,1.5,3.8,2.89,Moderate,2,2.5-3
1090,7.8,1.0,9.6,1.5,4.1,2.9,Moderate,2,2.5-3
1091,9.5,0.4,8.3,5.3,0.5,3.56,High,3,3.5-4
1092,8.4,1.2,5.9,1.8,6.7,3.25,High,3,3-3.5
1093,5.5,0.6,5.5,2.5,9.9,2.74,High,3,2.5-3
1094,5.7,2.6,6.0,0.6,9.1,2.92,Low,1,2.5-3
1095,5.8,3.7,9.1,1.9,3.5,2.97,Low,1,2.5-3
1096,8.4,2.7,8.1,1.3,3.5,3.68,High,3,3.5-4
1097,5.2,1.8,9.5,3.4,4.1,2.88,Low,1,2.5-3
1098,8.4,3.9,9.9,1.2,0.6,3.08,High,3,3-3.5
1099,6.2,3.2,5.5,4.7,4.4,2.89,High,3,2.5-3
1100,8.2,1.7,7.2,1.9,5.0,3.38,High,3,3-3.5
1101,8.8,3.7,9.7,0.3,1.5,3.39,High,3,3-3.5
1102,6.3,0.3,6.3,5.5,5.6,3.06,Moderate,2,3-3.5
1103,8.2,2.9,6.3,4.3,2.3,3.21,High,3,3-3.5
1104,8.1,0.6,9.1,1.4,4.8,3.15,High,3,3-3.5
1105,8.3,1.6,8.0,0.6,5.5,3.4,High,3,3-3.5
1106,10.0,0.8,6.3,4.0,2.9,3.39,High,3,3-3.5
1107,9.8,3.7,7.5,2.4,0.6,3.35,High,3,3-3.5
1108,6.4,3.3,6.9,0.5,6.9,2.9,Moderate,2,2.5-3
1109,6.7,3.9,8.1,2.2,3.1,2.89,Moderate,2,2.5-3
1110,5.4,0.2,5.6,3.5,9.3,2.98,High,3,2.5-3
1111,9.6,2.0,9.2,1.4,1.8,3.64,High,3,3.5-4
1112,5.9,1.4,8.2,0.4,8.1,3.07,Low,1,3-3.5
1113,6.8,2.1,10.0,2.4,2.7,2.96,Moderate,2,2.5-3
1114,9.0,2.4,9.4,1.3,1.9,3.61,High,3,3.5-4
1115,8.0,2.5,7.1,0.9,5.5,3.13,Moderate,2,3-3.5
1116,6.1,2.9,6.6,3.0,5.4,3.01,Moderate,2,3-3.5
1117,5.8,3.8,9.3,4.4,0.7,3.16,Low,1,3-3.5
1118,5.7,0.0,5.1,3.5,9.7,2.75,High,3,2.5-3
1119,7.3,2.1,5.0,2.5,7.1,3.0,High,3,2.5-3
1120,8.7,0.9,9.1,3.1,2.2,3.65,High,3,3.5-4
1121,6.1,0.9,8.1,5.0,3.9,2.61,Moderate,2,2.5-3
1122,9.3,2.7,7.2,2.3,2.5,3.29,High,3,3-3.5
1123,6.0,2.5,6.8,6.0,2.7,2.5,Moderate,2,2-2.5
1124,7.8,3.7,9.0,1.6,1.9,2.6,Moderate,2,2.5-3
1125,8.6,2.3,7.5,1.1,4.5,2.97,High,3,2.5-3
1126,9.6,1.3,9.8,1.8,1.5,3.39,High,3,3-3.5
1127,8.2,2.2,5.6,2.3,5.7,3.28,High,3,3-3.5
1128,7.2,3.1,6.1,1.0,6.6,2.92,Moderate,2,2.5-3
1129,7.0,3.7,8.6,2.0,2.7,2.88,Moderate,2,2.5-3
1130,9.9,2.7,6.4,2.9,2.1,3.49,High,3,3-3.5
1131,5.5,3.9,5.9,3.9,4.8,2.99,High,3,2.5-3
1132,8.9,2.7,8.1,3.8,0.5,3.14,High,3,3-3.5
1133,5.4,1.3,6.2,5.9,5.2,3.1,Low,1,3-3.5
1134,8.4,0.8,6.2,1.7,6.9,3.12,High,3,3-3.5
1135,7.1,0.9,5.1,5.3,5.6,3.05,High,3,3-3.5
1136,6.7,0.0,8.4,5.0,3.9,3.05,Moderate,2,3-3.5
1137,5.7,0.6,9.0,3.7,5.0,2.88,Low,1,2.5-3
1138,6.5,1.5,8.8,4.9,2.3,2.88,Moderate,2,2.5-3
1139,7.0,3.8,7.0,4.6,1.6,3.24,Moderate,2,3-3.5
1140,9.5,0.3,9.7,3.7,0.8,3.42,High,3,3-3.5
1141,9.0,0.8,9.0,4.4,0.8,3.37,High,3,3-3.5
1142,5.2,0.6,7.7,3.5,7.0,2.77,Low,1,2.5-3
1143,8.2,0.1,9.8,0.3,5.6,3.37,High,3,3-3.5
1144,8.3,3.3,5.1,3.3,4.0,3.27,High,3,3-3.5
1145,7.3,2.0,5.4,4.1,5.2,3.41,High,3,3-3.5
1146,7.4,0.6,8.2,1.0,6.8,3.11,Moderate,2,3-3.5
1147,9.4,2.5,5.8,5.8,0.5,3.25,High,3,3-3.5
1148,8.1,1.0,9.0,4.8,1.1,3.22,High,3,3-3.5
1149,9.9,2.0,7.3,3.6,1.2,3.51,High,3,3.5-4
1150,7.7,0.4,7.1,5.1,3.7,2.94,Moderate,2,2.5-3
1151,9.3,0.4,5.5,1.6,7.2,3.29,High,3,3-3.5
1152,8.1,1.4,8.9,1.3,4.3,3.27,High,3,3-3.5
1153,8.2,0.9,8.6,5.2,1.1,3.03,High,3,3-3.5
1154,7.1,0.6,8.5,4.6,3.2,3.11,Moderate,2,3-3.5
1155,5.5,2.0,9.1,5.6,1.8,2.95,Low,1,2.5-3
1156,7.7,1.6,9.2,2.7,2.8,3.16,Moderate,2,3-3.5
1157,7.4,2.0,9.2,4.5,0.9,2.77,Moderate,2,2.5-3
1158,7.5,2.3,6.2,4.8,3.2,2.93,Moderate,2,2.5-3
1159,7.4,1.3,5.5,1.4,8.4,3.09,High,3,3-3.5
1160,5.8,1.8,6.5,0.2,9.7,2.92,Low,1,2.5-3
1161,6.6,2.2,7.8,2.1,5.3,3.09,Moderate,2,3-3.5
1162,6.9,1.0,6.2,2.7,7.2,3.02,Moderate,2,3-3.5
1163,8.8,0.8,8.5,0.1,5.8,3.61,High,3,3.5-4
1164,6.7,2.3,6.0,4.5,4.5,2.92,Moderate,2,2.5-3
1165,5.3,3.4,6.0,5.2,4.1,3.06,Low,1,3-3.5
1166,6.6,3.6,5.6,1.1,7.1,2.82,High,3,2.5-3
1167,7.5,0.3,6.0,5.7,4.5,3.11,Moderate,2,3-3.5
1168,9.6,2.2,6.3,4.1,1.8,3.49,High,3,3-3.5
1169,8.3,4.0,6.3,3.6,1.8,3.36,High,3,3-3.5
1170,7.5,1.2,5.8,1.7,7.8,3.25,High,3,3-3.5
1171,6.9,3.0,7.7,0.5,5.9,3.17,Moderate,2,3-3.5
1172,8.2,3.2,7.3,1.9,3.4,3.2,High,3,3-3.5
1173,5.5,3.5,8.9,1.0,5.1,2.3,Low,1,2-2.5
1174,8.1,3.8,7.9,2.3,1.9,3.72,High,3,3.5-4
1175,5.3,0.3,5.9,0.2,12.3,2.97,High,3,2.5-3
1176,5.7,3.3,5.8,1.8,7.4,3.04,High,3,3-3.5
1177,6.2,1.5,6.3,2.9,7.1,2.97,Moderate,2,2.5-3
1178,5.3,0.6,5.3,3.8,9.0,2.79,High,3,2.5-3
1179,5.3,3.3,7.6,3.2,4.6,2.55,Low,1,2.5-3
1180,6.0,1.3,8.0,1.3,7.4,2.95,Moderate,2,2.5-3
1181,5.6,3.9,5.1,4.8,4.6,2.7,High,3,2.5-3
1182,5.7,0.6,8.5,3.9,5.3,3.05,Low,1,3-3.5
1183,8.9,3.7,8.5,0.5,2.4,3.46,High,3,3-3.5
1184,6.0,0.3,8.5,2.4,6.8,2.81,Moderate,2,2.5-3
1185,9.6,2.6,5.5,5.7,0.6,3.28,High,3,3-3.5
1186,7.0,0.2,7.5,0.7,8.6,2.81,Moderate,2,2.5-3
1187,7.0,1.4,8.9,4.8,1.9,2.97,Moderate,2,2.5-3
1188,6.9,0.6,9.0,4.2,3.3,2.83,Moderate,2,2.5-3
1189,6.0,1.5,5.5,3.8,7.2,2.8,High,3,2.5-3
1190,7.9,3.6,7.8,0.8,3.9,3.45,Moderate,2,3-3.5
1191,6.9,3.4,8.2,3.6,1.9,3.37,Moderate,2,3-3.5
1192,8.8,2.4,5.8,4.8,2.2,3.38,High,3,3-3.5
1193,8.6,0.3,7.3,1.0,6.8,3.51,High,3,3.5-4
1194,8.1,2.7,9.2,0.9,3.1,2.78,High,3,2.5-3
1195,5.6,3.4,5.8,5.8,3.4,2.84,High,3,2.5-3
1196,9.9,0.4,6.5,3.8,3.4,3.73,High,3,3.5-4
1197,6.8,3.7,5.3,3.3,4.9,3.37,High,3,3-3.5
1198,6.3,1.5,9.2,1.2,5.8,3.15,Moderate,2,3-3.5
1199,9.1,2.3,8.8,2.7,1.1,3.43,High,3,3-3.5
1200,9.3,1.7,9.8,1.4,1.8,3.12,High,3,3-3.5
1201,5.7,1.6,9.8,1.9,5.0,2.72,Low,1,2.5-3
1202,8.6,1.2,8.9,2.3,3.0,3.24,High,3,3-3.5
1203,7.4,3.1,6.9,2.7,3.9,2.82,Moderate,2,2.5-3
1204,7.6,3.2,6.8,3.1,3.3,2.87,Moderate,2,2.5-3
1205,8.4,1.1,6.4,5.6,2.5,3.37,High,3,3-3.5
1206,8.2,0.1,8.1,3.1,4.5,3.56,High,3,3.5-4
1207,7.7,1.4,5.4,1.2,8.3,3.13,High,3,3-3.5
1208,7.3,0.2,5.2,4.3,7.0,3.21,High,3,3-3.5
1209,7.7,2.0,6.2,4.5,3.6,3.07,Moderate,2,3-3.5
1210,7.3,1.1,6.2,3.9,5.5,3.0,Moderate,2,2.5-3
1211,8.3,3.3,7.1,0.4,4.9,3.56,High,3,3.5-4
1212,5.0,2.1,5.2,3.4,8.3,2.9,High,3,2.5-3
1213,9.6,3.9,7.7,1.3,1.5,3.47,High,3,3-3.5
1214,5.3,1.9,6.2,2.8,7.8,2.87,Low,1,2.5-3
1215,7.3,2.3,6.8,1.0,6.6,3.35,Moderate,2,3-3.5
1216,8.3,1.4,9.7,4.2,0.4,3.25,High,3,3-3.5
1217,6.0,0.2,8.7,5.0,4.1,3.04,Moderate,2,3-3.5
1218,5.1,1.0,7.3,3.8,6.8,3.24,Low,1,3-3.5
1219,7.8,3.0,6.4,3.4,3.4,3.14,Moderate,2,3-3.5
1220,8.8,2.8,10.0,0.7,1.7,3.16,High,3,3-3.5
1221,7.5,1.3,7.2,5.1,2.9,3.27,Moderate,2,3-3.5
1222,6.0,3.5,5.3,5.3,3.9,2.97,High,3,2.5-3
1223,6.6,1.3,7.6,5.6,2.9,2.96,Moderate,2,2.5-3
1224,9.3,1.6,6.0,2.5,4.6,3.31,High,3,3-3.5
1225,6.9,3.7,8.8,2.3,2.3,3.03,Moderate,2,3-3.5
1226,5.3,1.0,7.2,0.9,9.6,2.85,Low,1,2.5-3
1227,9.7,3.1,6.3,2.9,2.0,3.5,High,3,3-3.5
1228,9.4,2.1,8.9,2.0,1.6,3.43,High,3,3-3.5
1229,7.8,0.5,5.6,3.2,6.9,3.36,High,3,3-3.5
1230,9.8,1.9,5.3,3.3,3.7,3.93,High,3,3.5-4
1231,9.2,4.0,7.2,1.2,2.4,3.1,High,3,3-3.5
1232,5.2,1.4,6.3,4.1,7.0,3.12,Low,1,3-3.5
1233,9.7,1.1,9.1,0.2,3.9,3.3,High,3,3-3.5
1234,9.7,3.1,8.3,2.4,0.5,3.47,High,3,3-3.5
1235,8.2,3.9,8.6,3.1,0.2,3.02,High,3,3-3.5
1236,7.6,0.5,8.0,2.9,5.0,3.15,Moderate,2,3-3.5
1237,8.1,0.0,6.0,2.9,7.0,3.19,High,3,3-3.5
1238,7.1,2.9,8.0,1.8,4.2,3.17,Moderate,2,3-3.5
1239,7.1,0.9,9.8,0.8,5.4,3.01,Moderate,2,3-3.5
1240,6.1,3.1,6.0,0.5,8.3,2.9,Moderate,2,2.5-3
1241,7.4,0.0,5.4,4.8,6.4,3.14,High,3,3-3.5
1242,9.3,2.7,5.3,4.7,2.0,3.41,High,3,3-3.5
1243,9.2,3.2,7.5,1.0,3.1,3.48,High,3,3-3.5
1244,9.9,0.6,6.1,1.3,6.1,3.63,High,3,3.5-4
1245,9.0,0.7,5.3,6.0,3.0,3.56,High,3,3.5-4
1246,7.8,3.6,9.6,0.0,3.0,3.09,Moderate,2,3-3.5
1247,5.4,1.0,8.3,5.3,4.0,3.27,Low,1,3-3.5
1248,5.9,3.2,9.8,1.4,3.7,2.71,Low,1,2.5-3
1249,7.5,0.3,7.8,3.0,5.4,3.09,Moderate,2,3-3.5
1250,6.7,2.1,7.9,0.1,7.2,2.78,Moderate,2,2.5-3
1251,8.8,2.9,6.8,0.3,5.2,3.17,High,3,3-3.5
1252,5.9,2.3,5.8,2.1,7.9,2.66,High,3,2.5-3
1253,8.5,2.2,6.9,2.5,3.9,3.25,High,3,3-3.5
1254,5.4,3.5,5.4,4.2,5.5,2.81,High,3,2.5-3
1255,9.6,1.1,6.9,3.4,3.0,3.37,High,3,3-3.5
1256,8.3,1.6,7.4,0.3,6.4,3.29,High,3,3-3.5
1257,6.0,3.2,7.3,1.8,5.7,3.11,Moderate,2,3-3.5
1258,8.7,1.1,5.6,1.5,7.1,3.24,High,3,3-3.5
1259,9.6,2.3,7.7,2.6,1.8,3.67,High,3,3.5-4
1260,7.6,0.5,5.6,3.2,7.1,3.04,High,3,3-3.5
1261,9.7,1.2,9.3,2.9,0.9,3.51,High,3,3.5-4
1262,6.0,1.5,7.5,4.4,4.6,2.8,Moderate,2,2.5-3
1263,5.6,1.6,7.4,3.2,6.2,2.75,Low,1,2.5-3
1264,9.0,2.8,7.8,3.1,1.3,3.43,High,3,3-3.5
1265,7.1,0.6,8.3,3.1,4.9,2.79,Moderate,2,2.5-3
1266,9.5,2.3,5.4,2.7,4.1,3.67,High,3,3.5-4
1267,8.8,3.2,7.5,4.0,0.5,3.2,High,3,3-3.5
1268,9.5,3.6,8.4,2.1,0.4,3.11,High,3,3-3.5
1269,5.4,3.5,6.6,1.1,7.4,2.72,Low,1,2.5-3
1270,6.3,1.3,5.7,1.8,8.9,2.65,High,3,2.5-3
1271,7.9,1.8,6.7,4.5,3.1,3.24,Moderate,2,3-3.5
1272,6.7,3.0,5.8,0.8,7.7,3.09,High,3,3-3.5
1273,6.7,3.2,6.2,0.4,7.5,2.74,Moderate,2,2.5-3
1274,7.8,2.1,8.3,1.4,4.4,3.31,Moderate,2,3-3.5
1275,9.3,1.2,8.5,0.1,4.9,3.1,High,3,3-3.5
1276,7.7,0.3,9.0,1.3,5.7,2.9,Moderate,2,2.5-3
1277,8.4,3.2,7.8,3.4,1.2,3.02,High,3,3-3.5
1278,9.0,1.2,7.9,4.4,1.5,3.62,High,3,3.5-4
1279,6.9,1.2,7.3,4.9,3.7,3.05,Moderate,2,3-3.5
1280,8.3,3.6,5.5,1.4,5.2,3.4,High,3,3-3.5
1281,8.5,3.3,9.3,1.2,1.7,3.25,High,3,3-3.5
1282,6.2,1.2,8.9,0.5,7.2,2.76,Moderate,2,2.5-3
1283,9.1,1.7,8.0,0.5,4.7,3.23,High,3,3-3.5
1284,9.8,3.2,7.3,0.8,2.9,3.42,High,3,3-3.5
1285,9.7,1.4,5.8,3.4,3.7,3.67,High,3,3.5-4
1286,7.4,4.0,8.4,0.3,3.9,3.15,Moderate,2,3-3.5
1287,10.0,1.6,6.4,3.3,2.7,3.39,High,3,3-3.5
1288,5.0,1.8,9.2,3.4,4.6,2.7,Low,1,2.5-3
1289,10.0,1.1,6.4,1.0,5.5,3.4,High,3,3-3.5
1290,9.0,3.6,9.9,0.3,1.2,3.19,High,3,3-3.5
1291,9.4,1.3,5.6,5.2,2.5,3.2,High,3,3-3.5
1292,7.1,1.1,8.7,2.7,4.4,3.15,Moderate,2,3-3.5
1293,9.9,0.2,6.8,2.9,4.2,3.09,High,3,3-3.5
1294,8.6,3.5,9.7,1.8,0.4,3.3,High,3,3-3.5
1295,9.3,2.2,9.1,1.0,2.4,3.07,High,3,3-3.5
1296,7.3,1.1,9.8,1.8,4.0,2.91,Moderate,2,2.5-3
1297,5.5,2.1,5.3,0.7,10.4,2.79,High,3,2.5-3
1298,7.2,3.2,8.7,2.1,2.8,2.78,Moderate,2,2.5-3
1299,6.7,1.3,8.9,0.3,6.8,2.79,Moderate,2,2.5-3
1300,6.2,3.7,9.3,3.4,1.4,2.92,Moderate,2,2.5-3
1301,7.4,2.1,9.9,4.4,0.2,3.23,Moderate,2,3-3.5
1302,6.0,0.9,8.4,2.4,6.3,2.79,Moderate,2,2.5-3
1303,9.7,0.4,7.6,5.5,0.8,3.73,High,3,3.5-4
1304,5.8,3.9,9.6,0.8,3.9,2.57,Low,1,2.5-3
1305,5.6,0.3,9.5,1.2,7.4,2.57,Low,1,2.5-3
1306,8.0,0.3,6.1,5.6,4.0,2.76,Moderate,2,2.5-3
1307,9.5,3.1,5.1,2.0,4.3,3.14,High,3,3-3.5
1308,9.5,2.5,5.4,5.5,1.1,3.59,High,3,3.5-4
1309,9.8,0.3,7.7,1.8,4.4,3.23,High,3,3-3.5
1310,7.9,3.8,7.5,0.4,4.4,3.11,Moderate,2,3-3.5
1311,8.1,1.4,9.3,2.3,2.9,3.11,High,3,3-3.5
1312,8.8,1.1,8.8,1.1,4.2,3.22,High,3,3-3.5
1313,6.6,1.9,9.7,5.4,0.4,2.88,Moderate,2,2.5-3
1314,5.7,2.0,7.3,5.4,3.6,2.62,Low,1,2.5-3
1315,9.7,1.5,7.5,4.8,0.5,3.3,High,3,3-3.5
1316,6.1,0.8,5.2,3.9,8.0,2.56,High,3,2.5-3
1317,6.3,0.2,6.2,4.8,6.5,2.93,Moderate,2,2.5-3
1318,7.1,3.9,6.0,1.3,5.7,3.3,Moderate,2,3-3.5
1319,6.5,0.7,6.9,5.5,4.4,2.71,Moderate,2,2.5-3
1320,9.7,0.2,6.1,3.4,4.6,3.81,High,3,3.5-4
1321,8.1,0.2,7.0,3.9,4.8,3.41,High,3,3-3.5
1322,6.6,0.4,7.1,0.8,9.1,3.27,Moderate,2,3-3.5
1323,9.7,1.9,6.6,4.4,1.4,3.06,High,3,3-3.5
1324,9.1,3.5,8.4,0.1,2.9,3.36,High,3,3-3.5
1325,7.8,3.1,5.7,1.4,6.0,3.14,High,3,3-3.5
1326,7.2,0.0,9.1,2.2,5.5,3.41,Moderate,2,3-3.5
1327,7.7,2.7,8.5,4.9,0.2,2.68,Moderate,2,2.5-3
1328,9.8,2.6,6.5,0.6,4.5,3.62,High,3,3.5-4
1329,9.2,1.4,8.3,2.4,2.7,3.47,High,3,3-3.5
1330,5.3,1.7,7.7,2.6,6.7,2.54,Low,1,2.5-3
1331,8.7,3.3,8.9,0.1,3.0,3.34,High,3,3-3.5
1332,9.7,3.3,9.2,0.5,1.3,3.18,High,3,3-3.5
1333,7.1,1.9,5.8,0.2,9.0,3.02,High,3,3-3.5
1334,9.6,2.3,8.3,3.5,0.3,3.41,High,3,3-3.5
1335,6.7,2.5,5.2,1.1,8.5,3.11,High,3,3-3.5
1336,6.8,1.5,7.7,0.0,8.0,3.15,Moderate,2,3-3.5
1337,6.2,0.8,6.3,4.8,5.9,2.76,Moderate,2,2.5-3
1338,7.5,3.5,6.2,0.5,6.3,3.0,Moderate,2,2.5-3
1339,6.8,3.0,7.8,4.9,1.5,2.99,Moderate,2,2.5-3
1340,5.2,3.9,6.9,0.9,7.1,3.28,Low,1,3-3.5
1341,8.3,1.1,7.9,3.5,3.2,3.49,High,3,3-3.5
1342,6.3,1.8,7.7,4.0,4.2,2.91,Moderate,2,2.5-3
1343,8.9,1.6,8.2,0.8,4.5,3.3,High,3,3-3.5
1344,8.6,0.1,6.0,2.9,6.4,3.42,High,3,3-3.5
1345,9.4,2.1,9.6,1.4,1.5,3.2,High,3,3-3.5
1346,9.0,1.0,9.5,4.1,0.4,3.34,High,3,3-3.5
1347,9.7,2.1,8.4,3.0,0.8,3.51,High,3,3.5-4
1348,5.2,2.0,5.8,1.1,9.9,2.58,High,3,2.5-3
1349,6.8,1.7,8.1,0.4,7.0,2.75,Moderate,2,2.5-3
1350,7.9,2.5,7.8,4.3,1.5,3.19,Moderate,2,3-3.5
1351,6.7,3.1,7.2,2.9,4.1,3.24,Moderate,2,3-3.5
1352,6.5,0.3,5.5,5.5,6.2,3.28,High,3,3-3.5
1353,8.4,0.5,6.8,3.6,4.7,3.34,High,3,3-3.5
1354,5.0,0.8,9.8,3.7,4.7,2.69,Low,1,2.5-3
1355,6.3,0.3,5.1,1.5,10.8,2.9,High,3,2.5-3
1356,8.6,3.7,7.0,0.9,3.8,3.48,High,3,3-3.5
1357,7.6,3.6,9.0,0.3,3.5,3.27,Moderate,2,3-3.5
1358,9.5,0.5,7.7,5.3,1.0,3.78,High,3,3.5-4
1359,7.1,1.9,5.4,1.7,7.9,3.14,High,3,3-3.5
1360,6.4,1.8,8.4,1.0,6.4,2.93,Moderate,2,2.5-3
1361,7.4,3.0,9.3,2.7,1.6,2.95,Moderate,2,2.5-3
1362,9.7,0.5,8.9,1.3,3.6,3.53,High,3,3.5-4
1363,9.7,2.9,8.8,0.6,2.0,3.87,High,3,3.5-4
1364,8.8,0.4,9.8,4.5,0.5,3.12,High,3,3-3.5
1365,6.4,3.3,7.6,2.8,3.9,3.11,Moderate,2,3-3.5
1366,8.6,1.6,8.1,4.0,1.7,2.94,High,3,2.5-3
1367,8.6,0.2,9.3,2.7,3.2,3.11,High,3,3-3.5
1368,7.4,3.5,6.9,4.5,1.7,2.95,Moderate,2,2.5-3
1369,5.5,1.9,10.0,4.6,2.0,2.83,Low,1,2.5-3
1370,6.2,1.6,8.9,4.6,2.7,2.63,Moderate,2,2.5-3
1371,6.1,3.7,8.0,2.3,3.9,3.41,Moderate,2,3-3.5
1372,7.8,1.9,7.5,1.1,5.7,3.18,Moderate,2,3-3.5
1373,9.1,2.2,5.7,4.6,2.4,3.17,High,3,3-3.5
1374,7.6,0.5,9.7,1.1,5.1,3.07,Moderate,2,3-3.5
1375,6.3,1.6,6.9,4.8,4.4,2.69,Moderate,2,2.5-3
1376,6.3,2.0,5.7,3.7,6.3,2.91,High,3,2.5-3
1377,7.8,2.9,9.7,3.3,0.3,3.09,Moderate,2,3-3.5
1378,9.5,3.9,9.3,0.1,1.2,3.28,High,3,3-3.5
1379,9.7,1.7,5.0,2.7,4.9,3.47,High,3,3-3.5
1380,6.7,1.9,8.1,5.2,2.1,2.88,Moderate,2,2.5-3
1381,8.3,1.7,9.1,4.4,0.5,3.26,High,3,3-3.5
1382,6.4,0.2,8.3,5.2,3.9,2.75,Moderate,2,2.5-3
1383,5.8,3.2,9.3,5.2,0.5,2.96,Low,1,2.5-3
1384,6.6,2.2,5.3,0.3,9.6,2.94,High,3,2.5-3
1385,8.6,1.8,6.3,1.1,6.2,3.2,High,3,3-3.5
1386,7.4,1.4,6.6,5.8,2.8,2.87,Moderate,2,2.5-3
1387,8.2,0.1,7.2,5.3,3.2,3.12,High,3,3-3.5
1388,8.8,2.4,7.9,0.3,4.6,3.26,High,3,3-3.5
1389,5.7,2.5,6.0,3.0,6.8,2.5,Low,1,2-2.5
1390,9.7,3.4,8.6,0.2,2.1,3.53,High,3,3.5-4
1391,5.5,2.0,5.8,5.9,4.8,2.82,High,3,2.5-3
1392,6.8,2.6,5.6,2.6,6.4,2.77,High,3,2.5-3
1393,6.4,3.6,5.2,5.5,3.3,2.86,High,3,2.5-3
1394,8.9,0.1,9.8,2.7,2.5,3.51,High,3,3.5-4
1395,6.5,1.5,5.3,5.9,4.8,3.0,High,3,2.5-3
1396,7.2,3.8,6.2,3.2,3.6,3.02,Moderate,2,3-3.5
1397,7.4,2.8,5.3,1.2,7.3,3.25,High,3,3-3.5
1398,5.9,2.3,6.1,5.2,4.5,2.72,Low,1,2.5-3
1399,9.7,2.1,6.8,1.3,4.1,3.55,High,3,3.5-4
1400,9.7,1.6,8.5,2.1,2.1,3.87,High,3,3.5-4
1401,7.6,1.1,7.3,2.8,5.2,3.2,Moderate,2,3-3.5
1402,6.6,0.2,7.5,3.3,6.4,3.02,Moderate,2,3-3.5
1403,5.8,3.0,9.9,5.0,0.3,2.93,Low,1,2.5-3
1404,8.5,1.8,7.7,5.1,0.9,3.23,High,3,3-3.5
1405,7.4,1.5,7.5,3.5,4.1,3.33,Moderate,2,3-3.5
1406,5.5,2.4,5.6,0.5,10.0,3.11,High,3,3-3.5
1407,7.6,1.6,7.9,0.5,6.4,2.89,Moderate,2,2.5-3
1408,9.9,2.2,8.4,1.1,2.4,3.43,High,3,3-3.5
1409,5.5,3.9,6.4,2.5,5.7,2.8,Low,1,2.5-3
1410,9.1,2.1,6.4,0.4,6.0,3.37,High,3,3-3.5
1411,5.8,3.6,8.4,1.5,4.7,2.91,Low,1,2.5-3
1412,7.9,1.6,6.8,1.3,6.4,3.1,Moderate,2,3-3.5
1413,8.3,3.9,5.9,3.5,2.4,2.95,High,3,2.5-3
1414,6.3,3.3,7.4,3.3,3.7,2.52,Moderate,2,2.5-3
1415,6.5,0.7,5.4,4.3,7.1,3.1,High,3,3-3.5
1416,7.0,1.7,7.3,2.2,5.8,2.85,Moderate,2,2.5-3
1417,5.5,1.2,8.3,4.0,5.0,2.76,Low,1,2.5-3
1418,6.0,0.8,5.1,5.4,6.7,2.54,High,3,2.5-3
1419,6.1,0.9,6.4,0.8,9.8,2.79,Moderate,2,2.5-3
1420,5.7,2.6,6.7,4.2,4.8,2.9,Low,1,2.5-3
1421,7.8,1.0,8.3,0.7,6.2,2.69,Moderate,2,2.5-3
1422,6.3,2.4,9.4,5.9,0.0,3.22,Moderate,2,3-3.5
1423,8.0,1.6,6.1,1.5,6.8,2.75,Moderate,2,2.5-3
1424,9.6,1.5,6.9,2.3,3.7,3.37,High,3,3-3.5
1425,9.2,2.6,8.1,1.4,2.7,3.39,High,3,3-3.5
1426,7.0,2.0,8.3,0.1,6.6,3.27,Moderate,2,3-3.5
1427,9.4,1.8,6.7,0.8,5.3,3.37,High,3,3-3.5
1428,7.0,2.7,7.1,5.8,1.4,2.47,Moderate,2,2-2.5
1429,8.0,3.2,5.5,2.4,4.9,3.36,High,3,3-3.5
1430,9.3,0.3,5.4,5.1,3.9,3.02,High,3,3-3.5
1431,6.1,2.7,7.7,5.0,2.5,3.04,Moderate,2,3-3.5
1432,7.1,1.3,8.0,5.6,2.0,3.08,Moderate,2,3-3.5
1433,9.2,4.0,5.1,0.6,5.1,3.62,High,3,3.5-4
1434,6.4,1.0,8.9,0.3,7.4,3.04,Moderate,2,3-3.5
1435,6.8,2.0,7.8,4.4,3.0,3.27,Moderate,2,3-3.5
1436,7.9,2.2,8.2,1.5,4.2,2.87,Moderate,2,2.5-3
1437,5.4,0.5,6.1,3.0,9.0,2.91,Low,1,2.5-3
1438,8.9,1.4,7.0,2.4,4.3,3.5,High,3,3-3.5
1439,6.0,0.2,8.0,5.9,3.9,2.76,Moderate,2,2.5-3
1440,9.1,2.8,9.7,1.0,1.4,3.53,High,3,3.5-4
1441,8.3,1.9,8.2,2.5,3.1,3.25,High,3,3-3.5
1442,7.6,3.2,8.7,3.0,1.5,2.86,Moderate,2,2.5-3
1443,5.6,2.9,7.5,5.4,2.6,2.98,Low,1,2.5-3
1444,5.7,3.0,5.0,1.0,9.3,2.42,High,3,2-2.5
1445,7.9,2.9,9.6,2.5,1.1,2.99,Moderate,2,2.5-3
1446,5.0,0.5,7.7,4.1,6.7,3.07,Low,1,3-3.5
1447,7.1,2.9,7.6,0.4,6.0,3.15,Moderate,2,3-3.5
1448,8.6,3.6,5.6,5.9,0.3,3.21,High,3,3-3.5
1449,6.0,0.0,10.0,1.7,6.3,2.7,Moderate,2,2.5-3
1450,7.9,3.6,6.6,4.0,1.9,3.29,Moderate,2,3-3.5
1451,5.9,2.5,6.7,1.3,7.6,2.7,Low,1,2.5-3
1452,9.5,1.6,6.2,2.7,4.0,3.32,High,3,3-3.5
1453,6.6,3.0,9.9,2.0,2.5,3.03,Moderate,2,3-3.5
1454,5.8,2.8,7.6,3.9,3.9,3.09,Low,1,3-3.5
1455,9.4,1.8,9.5,2.5,0.8,3.91,High,3,3.5-4
1456,6.6,3.9,8.3,0.2,5.0,2.93,Moderate,2,2.5-3
1457,6.6,2.5,5.3,0.1,9.5,2.6,High,3,2.5-3
1458,7.2,1.1,5.8,4.1,5.8,2.96,High,3,2.5-3
1459,7.6,0.8,6.6,3.6,5.4,3.3,Moderate,2,3-3.5
1460,8.6,2.7,7.4,3.4,1.9,3.45,High,3,3-3.5
1461,5.2,2.5,8.9,3.0,4.4,2.51,Low,1,2.5-3
1462,8.2,2.8,9.4,1.2,2.4,3.06,High,3,3-3.5
1463,8.8,2.2,9.4,1.9,1.7,3.85,High,3,3.5-4
1464,8.7,3.9,5.4,0.3,5.7,3.42,High,3,3-3.5
1465,9.7,2.1,8.1,2.0,2.1,3.49,High,3,3-3.5
1466,8.7,1.2,6.5,5.0,2.6,3.25,High,3,3-3.5
1467,5.4,3.5,6.3,3.6,5.2,2.85,Low,1,2.5-3
1468,7.1,2.8,6.7,1.7,5.7,3.16,Moderate,2,3-3.5
1469,10.0,3.0,8.2,1.0,1.8,3.81,High,3,3.5-4
1470,7.7,3.4,5.2,2.2,5.5,3.22,High,3,3-3.5
1471,6.2,1.8,5.4,5.7,4.9,2.98,High,3,2.5-3
1472,7.8,3.7,5.0,4.5,3.0,3.16,High,3,3-3.5
1473,9.5,0.6,5.5,2.5,5.9,3.44,High,3,3-3.5
1474,7.6,0.6,5.0,4.9,5.9,3.29,High,3,3-3.5
1475,5.4,2.5,9.6,1.3,5.2,2.69,Low,1,2.5-3
1476,8.0,0.7,8.7,1.8,4.8,3.25,Moderate,2,3-3.5
1477,7.3,2.4,5.9,4.4,4.0,3.3,High,3,3-3.5
1478,5.8,2.8,5.6,2.6,7.2,2.62,High,3,2.5-3
1479,6.2,3.0,6.3,5.3,3.2,2.91,Moderate,2,2.5-3
1480,8.1,0.4,7.0,4.3,4.2,3.24,High,3,3-3.5
1481,8.3,2.5,6.4,2.3,4.5,3.31,High,3,3-3.5
1482,7.5,2.8,6.2,1.9,5.6,3.02,Moderate,2,3-3.5
1483,6.7,0.1,6.7,4.8,5.7,3.01,Moderate,2,3-3.5
1484,7.3,0.1,9.4,0.1,7.1,3.29,Moderate,2,3-3.5
1485,9.7,2.0,6.7,5.2,0.4,3.47,High,3,3-3.5
1486,7.7,0.9,7.1,3.9,4.4,3.08,Moderate,2,3-3.5
1487,8.6,0.0,9.7,0.9,4.8,3.14,High,3,3-3.5
1488,5.2,0.5,9.9,1.9,6.5,2.61,Low,1,2.5-3
1489,5.6,0.4,8.6,5.1,4.3,2.81,Low,1,2.5-3
1490,6.1,2.1,6.3,5.6,3.9,2.73,Moderate,2,2.5-3
1491,9.5,2.3,6.8,2.1,3.3,3.74,High,3,3.5-4
1492,7.3,3.4,9.7,1.2,2.4,2.97,Moderate,2,2.5-3
1493,7.8,0.4,6.0,2.5,7.3,3.24,Moderate,2,3-3.5
1494,5.8,1.8,8.0,4.2,4.2,2.82,Low,1,2.5-3
1495,6.9,3.5,7.8,2.5,3.3,3.02,Moderate,2,3-3.5
1496,9.1,2.5,9.2,1.6,1.6,3.22,High,3,3-3.5
1497,5.6,0.1,6.5,4.2,7.6,2.71,Low,1,2.5-3
1498,7.5,1.7,7.1,1.4,6.3,3.32,Moderate,2,3-3.5
1499,5.7,0.8,5.3,1.2,11.0,2.74,High,3,2.5-3
1500,6.8,0.0,9.2,0.2,7.8,2.8,Moderate,2,2.5-3
1501,9.7,3.6,7.7,1.6,1.4,3.22,High,3,3-3.5
1502,8.2,0.2,5.3,2.7,7.6,3.55,High,3,3.5-4
1503,7.7,3.6,5.5,4.9,2.3,3.06,High,3,3-3.5
1504,6.6,1.6,5.8,3.0,7.0,2.73,High,3,2.5-3
1505,9.0,1.8,7.5,4.8,0.9,3.33,High,3,3-3.5
1506,6.3,3.5,7.9,1.3,5.0,3.32,Moderate,2,3-3.5
1507,6.3,3.2,5.2,6.0,3.3,3.0,High,3,2.5-3
1508,7.0,2.0,9.4,2.3,3.3,2.98,Moderate,2,2.5-3
1509,7.7,0.2,5.0,1.5,9.6,3.0,High,3,2.5-3
1510,5.6,1.6,8.2,4.3,4.3,2.91,Low,1,2.5-3
1511,5.9,0.3,9.7,1.6,6.5,2.76,Low,1,2.5-3
1512,9.1,3.1,8.0,1.3,2.5,3.46,High,3,3-3.5
1513,6.3,0.5,7.5,3.5,6.2,2.87,Moderate,2,2.5-3
1514,6.8,2.6,9.5,0.8,4.3,2.58,Moderate,2,2.5-3
1515,6.9,0.6,8.1,4.4,4.0,3.0,Moderate,2,2.5-3
1516,9.8,0.3,8.0,0.3,5.6,3.53,High,3,3.5-4
1517,9.5,2.1,8.3,3.4,0.7,3.35,High,3,3-3.5
1518,5.6,1.9,8.0,0.2,8.3,2.99,Low,1,2.5-3
1519,6.4,0.1,7.1,5.4,5.0,2.72,Moderate,2,2.5-3
1520,9.6,3.0,8.7,1.9,0.8,3.45,High,3,3-3.5
1521,6.0,0.8,8.4,1.3,7.5,3.19,Moderate,2,3-3.5
1522,8.9,1.8,9.0,3.6,0.7,3.27,High,3,3-3.5
1523,8.3,0.9,6.4,1.9,6.5,3.18,High,3,3-3.5
1524,6.0,1.8,9.5,0.6,6.1,2.78,Moderate,2,2.5-3
1525,8.6,2.7,5.5,5.5,1.7,2.9,High,3,2.5-3
1526,8.8,1.0,8.5,0.2,5.5,3.52,High,3,3.5-4
1527,9.2,1.8,8.2,1.1,3.7,3.6,High,3,3.5-4
1528,7.4,2.5,7.3,5.4,1.4,3.25,Moderate,2,3-3.5
1529,7.5,3.4,9.0,1.7,2.4,3.03,Moderate,2,3-3.5
1530,9.1,0.9,7.6,4.8,1.6,3.08,High,3,3-3.5
1531,6.8,2.6,6.2,0.7,7.7,3.0,Moderate,2,2.5-3
1532,6.4,3.4,6.7,5.8,1.7,2.98,Moderate,2,2.5-3
1533,9.9,1.1,5.2,4.2,3.6,3.3,High,3,3-3.5
1534,8.5,0.1,9.4,0.8,5.2,3.25,High,3,3-3.5
1535,5.6,0.7,9.8,4.2,3.7,2.75,Low,1,2.5-3
1536,6.7,0.9,7.4,3.3,5.7,3.26,Moderate,2,3-3.5
1537,8.2,1.0,9.7,0.9,4.2,2.81,High,3,2.5-3
1538,7.2,2.3,7.2,2.5,4.8,3.03,Moderate,2,3-3.5
1539,8.7,2.7,9.2,0.8,2.6,3.58,High,3,3.5-4
1540,6.8,1.9,6.6,0.9,7.8,3.38,Moderate,2,3-3.5
1541,6.1,0.4,8.4,4.0,5.1,2.88,Moderate,2,2.5-3
1542,7.9,3.9,7.7,4.1,0.4,3.4,Moderate,2,3-3.5
1543,5.4,0.8,7.2,3.5,7.1,2.71,Low,1,2.5-3
1544,9.0,2.4,6.0,3.0,3.6,3.32,High,3,3-3.5
1545,8.7,3.1,7.5,1.4,3.3,2.99,High,3,2.5-3
1546,8.7,1.0,5.9,3.2,5.2,3.17,High,3,3-3.5
1547,6.4,2.5,5.6,3.9,5.6,2.89,High,3,2.5-3
1548,8.9,2.4,9.9,1.0,1.8,3.44,High,3,3-3.5
1549,8.4,0.3,7.0,5.8,2.5,2.9,High,3,2.5-3
1550,5.6,2.8,8.2,2.2,5.2,2.91,Low,1,2.5-3
1551,9.8,0.1,6.5,5.5,2.1,3.24,High,3,3-3.5
1552,7.7,3.3,5.5,5.7,1.8,2.99,High,3,2.5-3
1553,9.0,0.7,8.6,2.2,3.5,3.62,High,3,3.5-4
1554,9.8,0.5,7.1,2.9,3.7,3.38,High,3,3-3.5
1555,6.9,1.5,5.3,4.1,6.2,2.77,High,3,2.5-3
1556,9.1,3.2,7.4,1.3,3.0,3.31,High,3,3-3.5
1557,8.2,1.2,6.2,4.4,4.0,3.08,High,3,3-3.5
1558,6.2,3.7,7.6,2.2,4.3,2.84,Moderate,2,2.5-3
1559,9.4,1.6,6.7,1.2,5.1,3.11,High,3,3-3.5
1560,8.4,1.2,7.9,0.4,6.1,3.06,High,3,3-3.5
1561,6.0,1.6,9.7,2.3,4.4,2.66,Moderate,2,2.5-3
1562,5.6,0.2,6.5,0.9,10.8,3.0,Low,1,2.5-3
1563,5.9,3.0,5.1,3.3,6.7,2.91,High,3,2.5-3
1564,7.8,1.3,6.5,4.4,4.0,2.69,Moderate,2,2.5-3
1565,9.4,0.8,5.5,5.4,2.9,3.55,High,3,3.5-4
1566,6.8,0.5,7.9,3.2,5.6,2.61,Moderate,2,2.5-3
1567,6.0,1.8,9.0,3.5,3.7,2.92,Moderate,2,2.5-3
1568,8.5,3.2,8.1,0.6,3.6,3.09,High,3,3-3.5
1569,8.6,2.7,5.1,2.5,5.1,3.54,High,3,3.5-4
1570,6.1,2.4,9.6,4.7,1.2,2.67,Moderate,2,2.5-3
1571,9.6,3.9,5.1,3.4,2.0,3.65,High,3,3.5-4
1572,6.3,3.9,8.1,4.5,1.2,2.89,Moderate,2,2.5-3
1573,5.4,0.7,8.8,0.1,9.0,2.57,Low,1,2.5-3
1574,8.1,2.8,6.7,0.6,5.8,3.5,High,3,3-3.5
1575,5.3,2.4,7.6,4.5,4.2,2.25,Low,1,2-2.5
1576,7.0,0.1,6.7,5.9,4.3,3.12,Moderate,2,3-3.5
1577,9.4,1.3,7.9,4.6,0.8,3.34,High,3,3-3.5
1578,5.4,2.0,9.8,4.2,2.6,2.8,Low,1,2.5-3
1579,5.4,0.8,8.9,5.0,3.9,3.12,Low,1,3-3.5
1580,5.1,3.3,8.9,1.6,5.1,3.02,Low,1,3-3.5
1581,8.5,0.9,5.2,1.2,8.2,3.17,High,3,3-3.5
1582,7.1,2.0,7.4,1.6,5.9,2.86,Moderate,2,2.5-3
1583,5.1,2.4,7.0,1.8,7.7,2.84,Low,1,2.5-3
1584,9.3,2.0,5.7,4.2,2.8,3.51,High,3,3.5-4
1585,6.0,1.8,5.3,5.0,5.9,2.88,High,3,2.5-3
1586,8.7,2.5,9.0,1.6,2.2,3.53,High,3,3.5-4
1587,8.9,1.8,9.7,1.8,1.8,3.63,High,3,3.5-4
1588,9.1,2.2,5.9,2.8,4.0,3.33,High,3,3-3.5
1589,9.8,3.0,9.1,0.1,2.0,3.9,High,3,3.5-4
1590,9.2,0.2,9.3,2.9,2.4,3.29,High,3,3-3.5
1591,6.0,1.3,6.4,3.2,7.1,2.84,Moderate,2,2.5-3
1592,6.2,1.8,7.6,4.6,3.8,2.98,Moderate,2,2.5-3
1593,7.2,3.2,8.1,0.6,4.9,3.04,Moderate,2,3-3.5
1594,7.0,3.0,7.9,2.3,3.8,2.81,Moderate,2,2.5-3
1595,5.9,0.9,7.9,2.5,6.8,2.63,Low,1,2.5-3
1596,8.3,3.4,6.3,2.9,3.1,3.26,High,3,3-3.5
1597,9.9,1.3,8.0,0.4,4.4,3.33,High,3,3-3.5
1598,9.8,2.9,8.9,1.7,0.7,3.51,High,3,3.5-4
1599,7.9,1.8,9.3,4.8,0.2,3.34,Moderate,2,3-3.5
1600,7.9,2.2,7.3,1.3,5.3,3.18,Moderate,2,3-3.5
1601,5.0,1.0,7.5,2.3,8.2,2.82,Low,1,2.5-3
1602,6.8,1.8,5.7,0.3,9.4,3.01,High,3,3-3.5
1603,8.9,2.3,8.8,0.6,3.4,3.02,High,3,3-3.5
1604,6.1,0.0,5.7,1.9,10.3,3.01,High,3,3-3.5
1605,5.6,3.9,6.5,0.8,7.2,2.92,Low,1,2.5-3
1606,5.3,3.4,9.8,1.4,4.1,2.53,Low,1,2.5-3
1607,7.3,0.1,8.2,2.5,5.9,2.92,Moderate,2,2.5-3
1608,8.3,1.7,5.9,4.1,4.0,3.11,High,3,3-3.5
1609,7.8,3.4,5.6,4.7,2.5,3.02,High,3,3-3.5
1610,8.5,1.8,9.7,0.6,3.4,3.34,High,3,3-3.5
1611,8.2,1.5,9.8,1.5,3.0,3.4,High,3,3-3.5
1612,10.0,1.0,7.2,3.0,2.8,3.37,High,3,3-3.5
1613,6.5,0.1,6.1,1.7,9.6,2.72,Moderate,2,2.5-3
1614,9.4,2.8,5.4,3.9,2.5,3.37,High,3,3-3.5
1615,8.3,3.8,5.0,1.5,5.4,3.43,High,3,3-3.5
1616,5.5,2.1,6.2,1.1,9.1,2.98,Low,1,2.5-3
1617,9.1,0.5,7.3,5.6,1.5,3.37,High,3,3-3.5
1618,5.9,1.3,7.1,1.9,7.8,2.91,Low,1,2.5-3
1619,6.4,3.9,5.8,4.4,3.5,2.91,High,3,2.5-3
1620,5.9,2.6,8.6,4.1,2.8,2.98,Low,1,2.5-3
1621,6.6,1.0,9.8,5.5,1.1,3.23,Moderate,2,3-3.5
1622,7.3,1.7,5.8,2.6,6.6,3.07,High,3,3-3.5
1623,7.7,0.1,7.2,4.7,4.3,3.37,Moderate,2,3-3.5
1624,9.5,0.1,7.8,4.7,1.9,3.71,High,3,3.5-4
1625,7.7,1.3,5.7,5.3,4.0,3.36,High,3,3-3.5
1626,7.9,2.7,9.0,2.9,1.5,3.17,Moderate,2,3-3.5
1627,7.0,2.1,9.0,2.2,3.7,2.89,Moderate,2,2.5-3
1628,9.6,0.4,8.2,2.4,3.4,3.4,High,3,3-3.5
1629,7.0,2.7,5.3,3.6,5.4,3.17,High,3,3-3.5
1630,5.9,3.6,8.3,5.3,0.9,2.99,Low,1,2.5-3
1631,7.4,2.2,9.6,4.3,0.5,2.77,Moderate,2,2.5-3
1632,7.0,1.6,6.4,1.6,7.4,2.97,Moderate,2,2.5-3
1633,9.3,0.3,8.4,1.0,5.0,3.29,High,3,3-3.5
1634,6.3,3.1,9.4,1.2,4.0,2.91,Moderate,2,2.5-3
1635,7.3,1.9,9.4,4.1,1.3,3.51,Moderate,2,3.5-4
1636,9.2,0.0,7.0,5.4,2.4,3.41,High,3,3-3.5
1637,8.7,2.2,7.6,1.9,3.6,3.73,High,3,3.5-4
1638,7.1,2.9,9.3,0.7,4.0,3.12,Moderate,2,3-3.5
1639,7.3,1.6,8.4,1.5,5.2,3.27,Moderate,2,3-3.5
1640,7.1,3.6,10.0,0.4,2.9,3.13,Moderate,2,3-3.5
1641,6.2,3.8,9.8,0.4,3.8,3.17,Moderate,2,3-3.5
1642,5.1,2.4,6.4,5.2,4.9,2.77,Low,1,2.5-3
1643,6.4,2.7,8.4,1.3,5.2,2.94,Moderate,2,2.5-3
1644,6.4,3.2,9.0,2.5,2.9,2.87,Moderate,2,2.5-3
1645,8.0,2.4,9.1,1.9,2.6,3.01,Moderate,2,3-3.5
1646,7.7,1.8,7.2,0.5,6.8,2.97,Moderate,2,2.5-3
1647,8.6,0.9,6.0,2.5,6.0,3.38,High,3,3-3.5
1648,6.9,1.8,7.7,1.2,6.4,2.75,Moderate,2,2.5-3
1649,5.8,3.5,7.2,2.5,5.0,2.87,Low,1,2.5-3
1650,7.8,2.2,8.5,1.0,4.5,3.06,Moderate,2,3-3.5
1651,6.3,3.2,9.7,0.7,4.1,2.65,Moderate,2,2.5-3
1652,5.3,1.3,5.7,4.3,7.4,2.79,High,3,2.5-3
1653,7.7,0.6,5.0,4.8,5.9,3.23,High,3,3-3.5
1654,6.7,2.3,6.6,0.5,7.9,2.77,Moderate,2,2.5-3
1655,6.1,0.8,7.1,3.9,6.1,3.4,Moderate,2,3-3.5
1656,9.8,2.4,7.4,2.5,1.9,3.56,High,3,3.5-4
1657,9.6,3.3,6.6,1.1,3.4,3.45,High,3,3-3.5
1658,8.7,2.0,5.3,4.3,3.7,2.96,High,3,2.5-3
1659,9.0,1.2,8.3,2.3,3.2,3.74,High,3,3.5-4
1660,9.4,2.0,6.6,4.5,1.5,3.46,High,3,3-3.5
1661,6.1,1.6,9.3,4.3,2.7,2.65,Moderate,2,2.5-3
1662,6.8,1.1,5.9,4.5,5.7,2.93,High,3,2.5-3
1663,6.3,1.8,6.9,5.9,3.1,2.8,Moderate,2,2.5-3
1664,5.4,2.4,8.0,2.5,5.7,2.77,Low,1,2.5-3
1665,7.2,0.2,7.6,3.0,6.0,2.83,Moderate,2,2.5-3
1666,6.3,0.7,9.8,5.1,2.1,3.03,Moderate,2,3-3.5
1667,6.2,1.3,6.0,3.0,7.5,3.12,Moderate,2,3-3.5
1668,5.8,3.2,9.0,0.8,5.2,2.88,Low,1,2.5-3
1669,7.0,0.7,6.3,1.6,8.4,2.63,Moderate,2,2.5-3
1670,9.7,0.5,9.9,0.9,3.0,3.72,High,3,3.5-4
1671,8.9,1.4,5.7,5.1,2.9,3.55,High,3,3.5-4
1672,7.8,1.9,7.5,4.4,2.4,2.91,Moderate,2,2.5-3
1673,5.4,2.7,9.5,0.3,6.1,2.9,Low,1,2.5-3
1674,7.2,1.6,5.7,3.0,6.5,2.94,High,3,2.5-3
1675,5.6,1.9,8.8,1.5,6.2,2.89,Low,1,2.5-3
1676,8.4,3.4,7.1,3.9,1.2,3.26,High,3,3-3.5
1677,5.2,0.5,6.0,2.4,9.9,2.69,Low,1,2.5-3
1678,8.3,2.8,7.9,1.8,3.2,3.44,High,3,3-3.5
1679,7.9,1.4,5.4,6.0,3.3,3.11,High,3,3-3.5
1680,8.3,1.3,7.0,1.6,5.8,3.39,High,3,3-3.5
1681,6.7,1.6,8.6,3.1,4.0,3.54,Moderate,2,3.5-4
1682,9.6,0.2,7.9,5.1,1.2,3.46,High,3,3-3.5
1683,6.2,3.5,5.1,4.4,4.8,2.97,High,3,2.5-3
1684,7.2,0.2,9.6,2.8,4.2,3.19,Moderate,2,3-3.5
1685,5.1,2.8,7.4,0.7,8.0,3.15,Low,1,3-3.5
1686,7.5,3.3,9.3,2.4,1.5,3.36,Moderate,2,3-3.5
1687,5.1,2.8,7.1,3.4,5.6,2.5,Low,1,2-2.5
1688,9.6,0.5,8.4,0.0,5.5,3.7,High,3,3.5-4
1689,9.6,0.5,5.5,2.0,6.4,3.19,High,3,3-3.5
1690,7.9,1.8,5.2,1.9,7.2,3.07,High,3,3-3.5
1691,9.1,2.8,8.6,2.4,1.1,3.24,High,3,3-3.5
1692,6.4,3.3,9.9,2.2,2.2,2.9,Moderate,2,2.5-3
1693,5.0,0.6,6.6,3.5,8.3,2.89,Low,1,2.5-3
1694,8.9,3.0,8.0,2.6,1.5,3.29,High,3,3-3.5
1695,8.2,2.5,7.8,5.4,0.1,3.4,High,3,3-3.5
1696,9.4,0.9,5.4,2.9,5.4,3.56,High,3,3.5-4
1697,7.6,3.3,7.2,3.4,2.5,3.03,Moderate,2,3-3.5
1698,8.1,3.3,5.8,3.6,3.2,3.22,High,3,3-3.5
1699,8.0,0.7,5.6,5.9,3.8,2.93,High,3,2.5-3
1700,5.9,2.7,8.0,3.9,3.5,2.78,Low,1,2.5-3
1701,5.4,3.6,6.9,1.9,6.2,2.35,Low,1,2-2.5
1702,9.3,3.7,6.5,3.9,0.6,3.24,High,3,3-3.5
1703,8.9,3.7,6.2,3.0,2.2,3.49,High,3,3-3.5
1704,5.0,2.3,6.7,1.9,8.1,2.64,Low,1,2.5-3
1705,8.2,3.4,8.0,3.8,0.6,3.26,High,3,3-3.5
1706,7.3,0.0,7.8,4.0,4.9,2.75,Moderate,2,2.5-3
1707,8.0,2.9,7.9,0.3,4.9,3.25,Moderate,2,3-3.5
1708,6.4,0.3,7.1,3.3,6.9,2.77,Moderate,2,2.5-3
1709,6.6,2.9,8.2,2.0,4.3,3.14,Moderate,2,3-3.5
1710,8.2,2.2,5.1,4.2,4.3,3.48,High,3,3-3.5
1711,6.9,3.8,9.1,2.5,1.7,2.88,Moderate,2,2.5-3
1712,6.7,1.9,6.5,3.1,5.8,2.87,Moderate,2,2.5-3
1713,5.8,3.9,5.5,5.6,3.2,2.88,High,3,2.5-3
1714,8.6,1.7,8.2,1.9,3.6,3.46,High,3,3-3.5
1715,6.5,2.3,7.5,3.5,4.2,2.8,Moderate,2,2.5-3
1716,5.4,0.2,6.3,0.4,11.7,2.53,Low,1,2.5-3
1717,5.5,3.3,5.2,4.0,6.0,2.95,High,3,2.5-3
1718,7.4,1.2,7.6,2.3,5.5,3.03,Moderate,2,3-3.5
1719,7.8,0.5,10.0,2.4,3.3,3.43,Moderate,2,3-3.5
1720,6.8,3.3,7.3,4.3,2.3,2.83,Moderate,2,2.5-3
1721,5.5,3.4,8.7,1.3,5.1,2.74,Low,1,2.5-3
1722,9.9,1.0,7.3,0.2,5.6,3.32,High,3,3-3.5
1723,7.0,2.3,9.8,2.5,2.4,3.09,Moderate,2,3-3.5
1724,5.2,1.3,7.9,5.7,3.9,3.04,Low,1,3-3.5
1725,9.3,0.9,6.1,1.2,6.5,3.29,High,3,3-3.5
1726,7.5,1.9,6.3,3.0,5.3,3.4,Moderate,2,3-3.5
1727,5.2,0.5,9.4,4.5,4.4,2.9,Low,1,2.5-3
1728,6.8,3.0,8.9,4.0,1.3,2.49,Moderate,2,2-2.5
1729,8.6,0.8,6.7,2.8,5.1,3.52,High,3,3.5-4
1730,6.6,0.6,7.0,5.9,3.9,2.83,Moderate,2,2.5-3
1731,6.1,2.4,7.2,0.4,7.9,3.29,Moderate,2,3-3.5
1732,7.6,3.5,6.4,0.5,6.0,3.12,Moderate,2,3-3.5
1733,9.7,1.5,7.9,3.9,1.0,3.69,High,3,3.5-4
1734,5.7,1.2,5.7,4.9,6.5,2.66,High,3,2.5-3
1735,6.1,2.9,9.7,2.8,2.5,2.5,Moderate,2,2-2.5
1736,6.6,1.9,8.0,5.9,1.6,3.41,Moderate,2,3-3.5
1737,9.7,3.4,9.4,0.7,0.8,3.6,High,3,3.5-4
1738,7.0,3.8,7.1,3.6,2.5,3.11,Moderate,2,3-3.5
1739,8.5,3.8,6.2,4.1,1.4,2.93,High,3,2.5-3
1740,8.9,2.2,8.3,1.5,3.1,3.37,High,3,3-3.5
1741,7.4,2.5,7.0,1.2,5.9,3.11,Moderate,2,3-3.5
1742,8.7,1.6,6.8,2.4,4.5,3.42,High,3,3-3.5
1743,7.0,2.2,7.7,3.0,4.1,3.05,Moderate,2,3-3.5
1744,5.8,0.5,9.7,3.6,4.4,2.65,Low,1,2.5-3
1745,8.3,1.6,9.5,2.9,1.7,3.12,High,3,3-3.5
1746,9.8,3.3,9.3,0.3,1.3,3.73,High,3,3.5-4
1747,6.4,1.1,6.4,5.1,5.0,2.79,Moderate,2,2.5-3
1748,6.2,3.2,7.8,0.0,6.8,2.8,Moderate,2,2.5-3
1749,7.1,1.6,5.6,4.1,5.6,3.28,High,3,3-3.5
1750,8.6,0.0,9.8,4.6,1.0,3.48,High,3,3-3.5
1751,9.5,0.1,9.7,3.8,0.9,3.57,High,3,3.5-4
1752,9.7,1.8,8.0,2.1,2.4,3.82,High,3,3.5-4
1753,9.7,0.3,7.5,4.1,2.4,3.53,High,3,3.5-4
1754,9.5,3.8,5.3,2.2,3.2,3.7,High,3,3.5-4
1755,5.1,1.3,7.7,5.5,4.4,2.8,Low,1,2.5-3
1756,7.7,1.1,9.5,5.3,0.4,2.99,Moderate,2,2.5-3
1757,7.0,3.6,6.9,4.4,2.1,2.84,Moderate,2,2.5-3
1758,9.6,1.8,8.7,1.4,2.5,3.43,High,3,3-3.5
1759,5.1,0.4,7.5,4.1,6.9,3.01,Low,1,3-3.5
1760,8.5,2.8,7.5,4.8,0.4,3.06,High,3,3-3.5
1761,7.4,1.8,6.0,1.8,7.0,3.13,Moderate,2,3-3.5
1762,6.2,1.2,8.9,2.0,5.7,2.85,Moderate,2,2.5-3
1763,6.2,0.7,8.9,0.8,7.4,3.02,Moderate,2,3-3.5
1764,8.4,2.5,9.1,0.2,3.8,2.65,High,3,2.5-3
1765,6.5,1.1,5.7,1.7,9.0,3.02,High,3,3-3.5
1766,8.3,1.5,8.6,1.9,3.7,2.86,High,3,2.5-3
1767,6.5,2.2,5.1,0.5,9.7,3.1,High,3,3-3.5
1768,8.6,0.4,9.2,4.2,1.6,3.27,High,3,3-3.5
1769,8.1,3.3,7.0,1.2,4.4,3.8,High,3,3.5-4
1770,7.7,2.3,9.7,3.9,0.4,3.3,Moderate,2,3-3.5
1771,9.4,3.2,9.7,0.2,1.5,3.4,High,3,3-3.5
1772,9.2,2.0,8.7,0.6,3.5,3.03,High,3,3-3.5
1773,6.3,2.9,5.8,2.1,6.9,2.78,High,3,2.5-3
1774,8.5,1.5,7.8,0.6,5.6,3.02,High,3,3-3.5
1775,9.0,1.5,8.2,3.8,1.5,3.41,High,3,3-3.5
1776,8.1,1.7,5.9,5.7,2.6,3.17,High,3,3-3.5
1777,8.8,0.8,6.7,4.9,2.8,3.53,High,3,3.5-4
1778,7.2,2.9,6.9,1.3,5.7,3.23,Moderate,2,3-3.5
1779,8.2,3.9,6.6,2.4,2.9,3.32,High,3,3-3.5
1780,9.2,3.0,5.3,6.0,0.5,3.77,High,3,3.5-4
1781,8.8,3.5,8.3,2.9,0.5,3.26,High,3,3-3.5
1782,9.4,0.8,5.4,4.7,3.7,3.25,High,3,3-3.5
1783,9.2,0.7,9.3,3.3,1.5,3.64,High,3,3.5-4
1784,7.1,0.8,6.4,3.0,6.7,3.08,Moderate,2,3-3.5
1785,7.7,3.2,9.0,2.4,1.7,3.03,Moderate,2,3-3.5
1786,5.3,3.5,5.4,1.5,8.3,2.91,High,3,2.5-3
1787,8.5,1.6,9.4,1.3,3.2,2.9,High,3,2.5-3
1788,7.7,3.5,9.6,0.9,2.3,3.39,Moderate,2,3-3.5
1789,7.3,2.2,9.7,4.8,0.0,3.25,Moderate,2,3-3.5
1790,6.9,0.0,5.0,2.8,9.3,2.85,High,3,2.5-3
1791,7.4,0.1,8.4,1.8,6.3,2.75,Moderate,2,2.5-3
1792,5.8,1.6,6.2,3.2,7.2,2.98,Low,1,2.5-3
1793,6.0,2.0,5.8,4.0,6.2,2.81,High,3,2.5-3
1794,7.3,0.3,8.0,1.6,6.8,3.15,Moderate,2,3-3.5
1795,7.6,2.1,9.6,2.6,2.1,2.78,Moderate,2,2.5-3
1796,9.7,3.1,6.4,4.1,0.7,3.76,High,3,3.5-4
1797,7.2,3.3,9.1,0.8,3.6,2.87,Moderate,2,2.5-3
1798,6.5,1.2,8.6,1.4,6.3,3.18,Moderate,2,3-3.5
1799,5.0,2.9,5.9,0.6,9.6,2.63,High,3,2.5-3
1800,7.4,0.2,9.9,4.3,2.2,2.84,Moderate,2,2.5-3
1801,6.6,1.3,7.2,3.8,5.1,2.93,Moderate,2,2.5-3
1802,9.3,1.0,6.9,5.2,1.6,3.32,High,3,3-3.5
1803,8.3,1.4,8.4,0.1,5.8,3.23,High,3,3-3.5
1804,9.1,3.8,9.6,1.4,0.1,3.71,High,3,3.5-4
1805,7.6,1.4,7.3,4.1,3.6,3.09,Moderate,2,3-3.5
1806,9.6,3.3,9.9,1.1,0.1,3.5,High,3,3-3.5
1807,6.4,0.4,5.6,1.7,9.9,3.21,High,3,3-3.5
1808,9.5,2.5,5.0,1.1,5.9,3.52,High,3,3.5-4
1809,5.5,1.5,7.5,0.3,9.2,2.61,Low,1,2.5-3
1810,8.2,1.9,7.5,2.6,3.8,3.13,High,3,3-3.5
1811,9.8,0.9,7.6,4.2,1.5,3.62,High,3,3.5-4
1812,6.9,1.9,5.4,3.7,6.1,3.05,High,3,3-3.5
1813,6.4,0.6,7.7,3.2,6.1,3.0,Moderate,2,2.5-3
1814,8.1,0.8,7.3,4.3,3.5,3.12,High,3,3-3.5
1815,7.6,1.6,6.6,3.7,4.5,3.18,Moderate,2,3-3.5
1816,5.4,1.8,9.5,0.6,6.7,2.9,Low,1,2.5-3
1817,9.9,3.8,5.4,4.6,0.3,3.69,High,3,3.5-4
1818,7.1,1.8,8.2,4.6,2.3,2.98,Moderate,2,2.5-3
1819,5.2,2.4,5.9,2.1,8.4,2.69,High,3,2.5-3
1820,6.7,0.4,5.7,0.2,11.0,2.58,High,3,2.5-3
1821,7.4,3.8,5.6,5.7,1.5,3.27,High,3,3-3.5
1822,8.2,3.3,5.5,3.0,4.0,3.5,High,3,3-3.5
1823,8.5,2.3,9.2,0.3,3.7,3.34,High,3,3-3.5
1824,6.9,1.4,8.1,5.3,2.3,3.42,Moderate,2,3-3.5
1825,7.5,3.3,7.0,0.6,5.6,2.82,Moderate,2,2.5-3
1826,8.6,3.0,5.3,1.3,5.8,3.06,High,3,3-3.5
1827,6.4,2.2,5.7,0.8,8.9,2.89,High,3,2.5-3
1828,6.8,3.2,7.6,0.8,5.6,2.78,Moderate,2,2.5-3
1829,8.7,1.6,6.3,2.3,5.1,2.87,High,3,2.5-3
1830,6.2,1.6,5.1,4.6,6.5,2.92,High,3,2.5-3
1831,5.9,0.2,8.3,4.6,5.0,2.88,Low,1,2.5-3
1832,6.0,2.9,8.5,1.5,5.1,3.17,Moderate,2,3-3.5
1833,9.5,0.4,9.9,3.6,0.6,3.5,High,3,3-3.5
1834,8.6,0.8,7.2,0.4,7.0,3.32,High,3,3-3.5
1835,6.9,3.0,6.9,2.0,5.2,3.23,Moderate,2,3-3.5
1836,5.2,1.5,5.8,4.2,7.3,2.83,High,3,2.5-3
1837,5.5,2.7,6.4,1.2,8.2,2.75,Low,1,2.5-3
1838,7.4,2.0,6.6,0.8,7.2,3.1,Moderate,2,3-3.5
1839,6.9,2.7,8.9,2.9,2.6,2.77,Moderate,2,2.5-3
1840,6.4,0.6,6.2,1.3,9.5,3.04,Moderate,2,3-3.5
1841,7.6,2.3,9.7,0.9,3.5,3.36,Moderate,2,3-3.5
1842,7.8,1.0,6.3,0.2,8.7,3.27,Moderate,2,3-3.5
1843,6.5,3.0,5.2,1.3,8.0,3.17,High,3,3-3.5
1844,7.3,2.8,6.9,1.0,6.0,3.24,Moderate,2,3-3.5
1845,7.0,2.3,9.7,0.3,4.7,2.64,Moderate,2,2.5-3
1846,7.5,0.1,6.6,4.9,4.9,3.14,Moderate,2,3-3.5
1847,7.8,1.8,6.4,1.8,6.2,3.39,Moderate,2,3-3.5
1848,9.8,1.8,7.0,4.6,0.8,3.39,High,3,3-3.5
1849,7.1,2.2,6.2,4.5,4.0,3.34,Moderate,2,3-3.5
1850,8.9,0.9,8.6,4.5,1.1,3.36,High,3,3-3.5
1851,6.7,0.7,5.0,2.7,8.9,3.15,High,3,3-3.5
1852,5.9,3.4,6.3,1.4,7.0,2.48,Low,1,2-2.5
1853,7.4,2.0,6.1,1.6,6.9,3.22,Moderate,2,3-3.5
1854,8.9,1.8,8.6,3.5,1.2,3.17,High,3,3-3.5
1855,5.7,3.9,9.1,1.1,4.2,2.81,Low,1,2.5-3
1856,5.7,3.0,7.3,4.7,3.3,2.82,Low,1,2.5-3
1857,8.7,2.4,8.4,0.1,4.4,3.51,High,3,3.5-4
1858,5.0,0.1,9.3,4.1,5.5,2.47,Low,1,2-2.5
1859,6.3,2.8,9.0,1.8,4.1,2.79,Moderate,2,2.5-3
1860,7.5,3.1,6.1,1.6,5.7,3.07,Moderate,2,3-3.5
1861,6.2,4.0,6.0,3.5,4.3,2.88,Moderate,2,2.5-3
1862,8.2,3.0,9.9,0.5,2.4,3.3,High,3,3-3.5
1863,8.8,1.4,5.9,2.5,5.4,3.29,High,3,3-3.5
1864,7.7,4.0,7.0,3.3,2.0,3.44,Moderate,2,3-3.5
1865,6.8,1.6,8.5,5.6,1.5,3.33,Moderate,2,3-3.5
1866,5.4,0.8,7.5,0.1,10.2,2.86,Low,1,2.5-3
1867,6.3,2.1,5.1,1.6,8.9,3.49,High,3,3-3.5
1868,9.6,2.6,7.1,4.4,0.3,3.54,High,3,3.5-4
1869,8.9,0.8,5.7,4.1,4.5,3.62,High,3,3.5-4
1870,8.7,2.5,9.9,1.5,1.4,3.36,High,3,3-3.5
1871,5.6,3.3,6.3,4.7,4.1,2.85,Low,1,2.5-3
1872,8.0,1.8,6.8,2.1,5.3,3.23,Moderate,2,3-3.5
1873,8.2,3.0,8.4,0.9,3.5,3.52,High,3,3.5-4
1874,7.4,2.1,8.9,3.7,1.9,3.1,Moderate,2,3-3.5
1875,7.0,3.6,5.8,6.0,1.6,2.99,High,3,2.5-3
1876,8.6,3.2,9.3,2.9,0.0,3.38,High,3,3-3.5
1877,6.5,2.8,5.6,2.4,6.7,2.9,High,3,2.5-3
1878,8.0,2.0,8.2,5.6,0.2,3.4,Moderate,2,3-3.5
1879,5.3,2.3,9.3,2.9,4.2,2.82,Low,1,2.5-3
1880,6.7,0.6,9.2,3.1,4.4,2.85,Moderate,2,2.5-3
1881,9.7,3.2,8.5,0.0,2.6,3.19,High,3,3-3.5
1882,9.6,0.7,6.4,3.1,4.2,3.38,High,3,3-3.5
1883,6.3,0.8,8.0,0.5,8.4,2.91,Moderate,2,2.5-3
1884,8.6,2.2,7.1,3.4,2.7,3.18,High,3,3-3.5
1885,6.8,3.7,5.3,4.0,4.2,3.04,High,3,3-3.5
1886,5.9,1.2,8.6,0.5,7.8,2.92,Low,1,2.5-3
1887,9.1,2.9,8.6,0.3,3.1,3.56,High,3,3.5-4
1888,9.2,0.2,5.1,2.2,7.3,3.61,High,3,3.5-4
1889,5.7,2.2,9.6,2.3,4.2,2.98,Low,1,2.5-3
1890,5.5,2.4,7.3,5.6,3.2,2.77,Low,1,2.5-3
1891,5.6,0.8,5.1,2.6,9.9,2.97,High,3,2.5-3
1892,8.0,2.5,7.7,0.5,5.3,3.12,Moderate,2,3-3.5
1893,7.2,4.0,9.2,3.2,0.4,2.95,Moderate,2,2.5-3
1894,7.4,2.7,9.4,3.4,1.1,3.04,Moderate,2,3-3.5
1895,9.7,0.2,5.1,4.0,5.0,3.25,High,3,3-3.5
1896,6.7,1.1,7.6,2.6,6.0,2.83,Moderate,2,2.5-3
1897,7.6,2.7,6.9,1.5,5.3,3.05,Moderate,2,3-3.5
1898,8.7,3.0,8.3,0.9,3.1,3.1,High,3,3-3.5
1899,7.9,2.3,7.4,3.3,3.1,3.75,Moderate,2,3.5-4
1900,8.6,0.4,8.7,0.8,5.5,3.22,High,3,3-3.5
1901,5.3,3.9,9.8,0.3,4.7,2.53,Low,1,2.5-3
1902,7.4,3.3,9.8,2.2,1.3,3.06,Moderate,2,3-3.5
1903,6.8,2.4,6.6,5.5,2.7,3.05,Moderate,2,3-3.5
1904,6.6,1.2,5.2,4.9,6.1,3.2,High,3,3-3.5
1905,7.3,1.3,7.4,4.9,3.1,2.83,Moderate,2,2.5-3
1906,6.9,1.3,5.9,3.6,6.3,2.94,High,3,2.5-3
1907,7.4,3.5,5.2,3.9,4.0,3.26,High,3,3-3.5
1908,9.4,2.9,9.6,0.7,1.4,3.57,High,3,3.5-4
1909,7.5,0.1,5.0,1.4,10.0,3.07,High,3,3-3.5
1910,5.9,0.1,9.5,0.0,8.5,2.79,Low,1,2.5-3
1911,8.7,0.6,9.6,4.6,0.5,3.57,High,3,3.5-4
1912,5.0,3.9,9.4,5.1,0.6,2.98,Low,1,2.5-3
1913,8.3,1.4,9.5,1.4,3.4,3.06,High,3,3-3.5
1914,9.6,0.6,6.1,3.3,4.4,3.47,High,3,3-3.5
1915,8.8,2.5,6.2,0.0,6.5,3.29,High,3,3-3.5
1916,9.5,1.6,7.6,2.5,2.8,3.7,High,3,3.5-4
1917,7.2,3.1,7.6,1.9,4.2,2.79,Moderate,2,2.5-3
1918,5.7,2.6,8.4,4.5,2.8,2.94,Low,1,2.5-3
1919,7.5,3.6,9.7,2.6,0.6,2.84,Moderate,2,2.5-3
1920,9.9,1.1,6.0,2.7,4.3,3.68,High,3,3.5-4
1921,5.3,3.9,7.9,3.3,3.6,2.79,Low,1,2.5-3
1922,5.2,2.4,8.6,2.5,5.3,3.21,Low,1,3-3.5
1923,8.8,0.9,6.1,1.0,7.2,3.53,High,3,3.5-4
1924,9.1,1.5,7.9,4.0,1.5,3.29,High,3,3-3.5
1925,6.2,0.7,9.9,3.7,3.5,2.73,Moderate,2,2.5-3
1926,6.3,2.0,6.6,1.0,8.1,3.09,Moderate,2,3-3.5
1927,6.3,0.1,8.5,3.0,6.1,2.99,Moderate,2,2.5-3
1928,5.5,3.0,5.1,1.5,8.9,2.66,High,3,2.5-3
1929,9.5,2.9,5.4,4.9,1.3,3.67,High,3,3.5-4
1930,8.0,2.7,10.0,0.8,2.5,3.2,Moderate,2,3-3.5
1931,8.1,1.8,5.2,0.1,8.8,3.28,High,3,3-3.5
1932,7.8,2.2,5.2,2.8,6.0,3.0,High,3,2.5-3
1933,9.6,1.6,8.1,3.7,1.0,3.46,High,3,3-3.5
1934,9.3,1.6,9.4,0.9,2.8,3.69,High,3,3.5-4
1935,6.4,0.2,9.0,2.5,5.9,2.81,Moderate,2,2.5-3
1936,9.5,3.3,7.8,2.1,1.3,3.28,High,3,3-3.5
1937,7.4,1.6,9.6,0.7,4.7,2.75,Moderate,2,2.5-3
1938,7.5,1.8,7.6,0.8,6.3,2.93,Moderate,2,2.5-3
1939,7.6,1.0,5.9,0.4,9.1,3.06,High,3,3-3.5
1940,8.1,2.9,8.4,2.2,2.4,3.52,High,3,3.5-4
1941,6.9,1.5,8.2,3.0,4.4,2.99,Moderate,2,2.5-3
1942,8.2,1.2,5.1,5.3,4.2,3.19,High,3,3-3.5
1943,6.1,3.7,8.6,4.3,1.3,2.79,Moderate,2,2.5-3
1944,7.6,0.7,6.5,1.9,7.3,3.0,Moderate,2,2.5-3
1945,5.8,0.8,8.9,1.0,7.5,2.89,Low,1,2.5-3
1946,9.9,1.3,5.6,3.4,3.8,3.43,High,3,3-3.5
1947,9.5,3.1,8.1,1.0,2.3,3.25,High,3,3-3.5
1948,8.4,2.9,9.8,0.8,2.1,3.28,High,3,3-3.5
1949,5.1,2.2,8.5,4.7,3.5,2.64,Low,1,2.5-3
1950,7.6,1.3,9.3,2.7,3.1,2.98,Moderate,2,2.5-3
1951,9.0,2.3,8.9,1.3,2.5,3.24,High,3,3-3.5
1952,7.7,0.9,7.4,1.9,6.1,3.31,Moderate,2,3-3.5
1953,6.3,3.9,5.8,4.7,3.3,2.73,High,3,2.5-3
1954,5.2,1.6,9.7,0.1,7.4,2.95,Low,1,2.5-3
1955,7.9,2.0,9.4,0.4,4.3,3.42,Moderate,2,3-3.5
1956,8.3,3.8,9.1,0.1,2.7,3.48,High,3,3-3.5
1957,7.4,1.6,6.6,2.7,5.7,2.88,Moderate,2,2.5-3
1958,9.9,0.4,9.6,2.0,2.1,3.09,High,3,3-3.5
1959,8.1,3.3,6.8,2.5,3.3,2.86,High,3,2.5-3
1960,9.6,3.3,5.5,0.6,5.0,3.19,High,3,3-3.5
1961,7.1,0.4,8.1,0.9,7.5,3.02,Moderate,2,3-3.5
1962,6.6,2.7,7.4,5.9,1.4,2.99,Moderate,2,2.5-3
1963,9.4,1.4,5.2,5.1,2.9,3.59,High,3,3.5-4
1964,9.5,0.9,9.5,1.3,2.8,3.24,High,3,3-3.5
1965,9.9,1.1,9.8,0.2,3.0,3.54,High,3,3.5-4
1966,7.4,0.9,8.5,1.1,6.1,3.48,Moderate,2,3-3.5
1967,7.8,1.0,9.8,0.2,5.2,3.04,Moderate,2,3-3.5
1968,7.1,0.9,7.5,5.2,3.3,2.92,Moderate,2,2.5-3
1969,8.6,2.3,5.4,4.2,3.5,3.38,High,3,3-3.5
1970,6.3,1.7,6.8,5.2,4.0,2.84,Moderate,2,2.5-3
1971,5.6,2.3,5.7,4.2,6.2,2.81,High,3,2.5-3
1972,7.4,3.7,7.6,2.6,2.7,3.29,Moderate,2,3-3.5
1973,7.9,2.8,5.5,4.9,2.9,3.03,High,3,3-3.5
1974,8.9,1.5,5.5,3.8,4.3,3.31,High,3,3-3.5
1975,9.4,3.6,9.8,1.0,0.2,3.32,High,3,3-3.5
1976,8.0,2.4,6.8,5.4,1.4,3.42,Moderate,2,3-3.5
1977,7.5,1.9,10.0,2.3,2.3,3.14,Moderate,2,3-3.5
1978,9.1,3.1,8.9,2.1,0.8,3.1,High,3,3-3.5
1979,6.3,3.4,9.5,0.9,3.9,2.97,Moderate,2,2.5-3
1980,8.2,2.2,5.3,4.5,3.8,3.43,High,3,3-3.5
1981,7.5,2.6,7.5,3.0,3.4,3.02,Moderate,2,3-3.5
1982,5.8,0.8,9.9,0.9,6.6,2.71,Low,1,2.5-3
1983,6.3,2.4,8.1,0.9,6.3,3.07,Moderate,2,3-3.5
1984,6.2,1.2,9.7,5.0,1.9,3.06,Moderate,2,3-3.5
1985,8.5,0.3,7.1,3.4,4.7,3.23,High,3,3-3.5
1986,8.0,1.3,8.9,4.9,0.9,2.93,Moderate,2,2.5-3
1987,6.6,3.4,5.5,5.0,3.5,2.9,High,3,2.5-3
1988,9.5,1.5,6.4,3.0,3.6,3.86,High,3,3.5-4
1989,7.3,1.4,8.5,4.6,2.2,3.28,Moderate,2,3-3.5
1990,7.0,2.7,7.4,6.0,0.9,2.85,Moderate,2,2.5-3
1991,8.6,3.8,9.2,2.2,0.2,3.26,High,3,3-3.5
1992,6.3,1.5,5.1,3.1,8.0,3.21,High,3,3-3.5
1993,7.5,2.1,9.9,4.1,0.4,3.04,Moderate,2,3-3.5
1994,7.1,1.4,9.0,3.1,3.4,2.85,Moderate,2,2.5-3
1995,7.9,3.4,9.0,0.5,3.2,3.08,Moderate,2,3-3.5
1996,6.5,0.2,7.4,2.1,7.8,3.32,Moderate,2,3-3.5
1997,6.3,2.8,8.8,1.5,4.6,2.65,Moderate,2,2.5-3
1998,6.2,0.0,6.2,0.8,10.8,3.14,Moderate,2,3-3.5
1999,8.1,0.7,7.6,3.5,4.1,3.04,High,3,3-3.5
2000,9.0,1.7,7.3,3.1,2.9,3.58,High,3,3.5-4
